{
    "Home Decor_Sport": [
        {
            "question": "Which type of flooring do you prefer for a home gym?",
            "options": [
                "Rubber tiles",
                "Vinyl planks",
                "Hardwood",
                "Carpet"
            ],
            "topics": [
                "Home Du00e9cor",
                "Sport"
            ]
        },
        {
            "question": "Which color scheme do you think is best for a yoga studio?",
            "options": [
                "Neutral tones (whites, grays)",
                "Earth tones (browns, greens)",
                "Bright and energizing colors",
                "Soothing pastel shades"
            ],
            "topics": [
                "Home Du00e9cor",
                "Sport"
            ]
        },
        {
            "question": "Which type of lighting is essential for a sports memorabilia display?",
            "options": [
                "Track lighting",
                "Recessed lighting",
                "Hanging pendant lights",
                "LED strip lights"
            ],
            "topics": [
                "Home Du00e9cor",
                "Sport"
            ]
        },
        {
            "question": "What type of curtain design complements a home basketball court?",
            "options": [
                "Blackout curtains",
                "Sheer curtains",
                "Motorized curtains",
                "Striped curtains"
            ],
            "topics": [
                "Home Du00e9cor",
                "Sport"
            ]
        },
        {
            "question": "Which material is most suitable for a sports-themed accent wall?",
            "options": [
                "Brick",
                "Wood paneling",
                "Metallic tiles",
                "Textured wallpaper"
            ],
            "topics": [
                "Home Du00e9cor",
                "Sport"
            ]
        },
        {
            "question": "Which seating option works best in a home theater with a soccer theme?",
            "options": [
                "Recliner chairs",
                "Bean bags",
                "Sectional sofa",
                "Stadium-style seating"
            ],
            "topics": [
                "Home Du00e9cor",
                "Sport"
            ]
        },
        {
            "question": "What color palette would you use for a home office with a golf theme?",
            "options": [
                "Green and white",
                "Navy blue and gold",
                "Brown and earth tones",
                "Black and silver"
            ],
            "topics": [
                "Home Du00e9cor",
                "Sport"
            ]
        },
        {
            "question": "Which flooring material is most appropriate for a home gym with a baseball theme?",
            "options": [
                "Turf",
                "Cork",
                "Rubber",
                "Bamboo"
            ],
            "topics": [
                "Home Du00e9cor",
                "Sport"
            ]
        },
        {
            "question": "What type of wall art would you choose for a home gym with a surfing theme?",
            "options": [
                "Surfboard wall rack",
                "Beach landscape painting",
                "Vintage surf posters",
                "Metallic wave sculpture"
            ],
            "topics": [
                "Home Du00e9cor",
                "Sport"
            ]
        },
        {
            "question": "Which fabric would you prefer for a sport-inspired throw pillow in a living room?",
            "options": [
                "Football leather",
                "Basketball textured fabric",
                "Baseball stitching pattern",
                "Soccer ball print"
            ],
            "topics": [
                "Home Du00e9cor",
                "Sport"
            ]
        },
        {
            "question": "What type of bedroom furniture is ideal for a hockey enthusiast?",
            "options": [
                "Bed with built-in storage for hockey equipment",
                "Nightstand shaped like a hockey puck",
                "Locker-style dresser",
                "Hockey stick headboard"
            ],
            "topics": [
                "Home Du00e9cor",
                "Sport"
            ]
        },
        {
            "question": "Which type of window treatment enhances a home gym with a volleyball theme?",
            "options": [
                "Motorized roller shades",
                "Roman blinds with volleyball pattern",
                "Vertical blinds with team colors",
                "Sheer curtains for natural light"
            ],
            "topics": [
                "Home Du00e9cor",
                "Sport"
            ]
        },
        {
            "question": "What color scheme would you choose for a home office with a tennis theme?",
            "options": [
                "Green and white",
                "Yellow and black",
                "Red and navy blue",
                "Purple and pink"
            ],
            "topics": [
                "Home Du00e9cor",
                "Sport"
            ]
        },
        {
            "question": "Which type of wall shelves work best for displaying trophies in a home gym with a martial arts theme?",
            "options": [
                "Floating shelves",
                "Glass shelves with LED lighting",
                "Industrial pipe shelves",
                "Wooden shelves with martial arts motifs"
            ],
            "topics": [
                "Home Du00e9cor",
                "Sport"
            ]
        },
        {
            "question": "What type of ceiling fan design is suitable for a home gym with a football theme?",
            "options": [
                "Football helmet-shaped fan blades",
                "Fan with football-themed light fixture",
                "Blades painted like goalposts",
                "Fan with team logo design"
            ],
            "topics": [
                "Home Du00e9cor",
                "Sport"
            ]
        },
        {
            "question": "Which color scheme would you choose for a basement game room with a billiards theme?",
            "options": [
                "Green, burgundy, and gold",
                "Blue, brown, and gray",
                "Red, black, and white",
                "Purple, teal, and silver"
            ],
            "topics": [
                "Home Du00e9cor",
                "Sport"
            ]
        },
        {
            "question": "Which type of art installation would you prefer for a home gym with a cycling theme?",
            "options": [
                "Bicycle wheel chandelier",
                "Wall-mounted bike sculpture",
                "Bicycle chain curtain",
                "Cycling-themed mural"
            ],
            "topics": [
                "Home Du00e9cor",
                "Sport"
            ]
        },
        {
            "question": "What type of area rug would you choose for a home office with a basketball theme?",
            "options": [
                "Basketball court pattern",
                "Basketball team logo rug",
                "Orange shag rug",
                "Basketball-shaped rug"
            ],
            "topics": [
                "Home Du00e9cor",
                "Sport"
            ]
        },
        {
            "question": "Which type of mirror is essential for a home gym with a gymnastics theme?",
            "options": [
                "Full-length wall mirror",
                "Round freestanding mirror",
                "Mirrored ceiling panels",
                "Mirrored sliding doors"
            ],
            "topics": [
                "Home Du00e9cor",
                "Sport"
            ]
        },
        {
            "question": "What type of wallpaper would you choose for a sports-themed bar area?",
            "options": [
                "Sports stadium crowd wallpaper",
                "Vintage sports memorabilia pattern",
                "Sports team logo wallpaper",
                "Sports equipment collage wallpaper"
            ],
            "topics": [
                "Home Du00e9cor",
                "Sport"
            ]
        },
        {
            "question": "Which type of bar stool design works best for a home bar with a golf theme?",
            "options": [
                "Golf club-inspired stool legs",
                "Golf ball-shaped seat cushion",
                "Golf tee-shaped backrest",
                "Golf course map engraved stool"
            ],
            "topics": [
                "Home Du00e9cor",
                "Sport"
            ]
        },
        {
            "question": "What color scheme would you choose for a home gym with a swimming theme?",
            "options": [
                "Blue and white",
                "Turquoise and coral",
                "Yellow and green",
                "Navy blue and gold"
            ],
            "topics": [
                "Home Du00e9cor",
                "Sport"
            ]
        },
        {
            "question": "Which type of shelving unit is ideal for displaying sports trophies in a home office?",
            "options": [
                "Glass display case with built-in lighting",
                "Industrial pipe shelves with adjustable heights",
                "Floating shelves with trophy ledges",
                "Wooden bookshelf with trophy section"
            ],
            "topics": [
                "Home Du00e9cor",
                "Sport"
            ]
        },
        {
            "question": "What type of lighting fixture would you choose for a home gym with a boxing theme?",
            "options": [
                "Boxing glove-shaped pendant lights",
                "Rope light chandelier",
                "LED strip lights for boxing ring effect",
                "Boxing belt-inspired wall sconces"
            ],
            "topics": [
                "Home Du00e9cor",
                "Sport"
            ]
        },
        {
            "question": "Which type of curtain hardware would you choose for a home theater with a sports theme?",
            "options": [
                "Baseball bat curtain rods",
                "Basketball hoop brackets",
                "Hockey stick tiebacks",
                "Soccer ball finials"
            ],
            "topics": [
                "Home Du00e9cor",
                "Sport"
            ]
        },
        {
            "question": "What color palette would you use for a home office with a skiing theme?",
            "options": [
                "Blue and white",
                "Gray and silver",
                "Red and black",
                "Green and brown"
            ],
            "topics": [
                "Home Du00e9cor",
                "Sport"
            ]
        },
        {
            "question": "Which type of headboard design is suitable for a bedroom with a sports car theme?",
            "options": [
                "Race car bed frame with built-in headboard",
                "Upholstered headboard shaped like a car seat",
                "Headboard made from reclaimed car parts",
                "Headboard with LED headlights"
            ],
            "topics": [
                "Home Du00e9cor",
                "Sport"
            ]
        },
        {
            "question": "What type of window blinds would you choose for a home gym with a rowing theme?",
            "options": [
                "Bamboo blinds",
                "Roller shades with rowing silhouette",
                "Vertical blinds with oar accents",
                "Sheer curtains for natural light"
            ],
            "topics": [
                "Home Du00e9cor",
                "Sport"
            ]
        },
        {
            "question": "Which type of plant would you choose for a home office with a golf theme?",
            "options": [
                "Miniature golf course terrarium",
                "Bonsai tree",
                "Grass-like potted plant",
                "Snake plant in a golf-themed planter"
            ],
            "topics": [
                "Home Du00e9cor",
                "Sport"
            ]
        },
        {
            "question": "What type of wall clock design is ideal for a home gym with a running theme?",
            "options": [
                "Stopwatch-inspired clock",
                "Pedometer-shaped clock",
                "Marathon race route clock",
                "Running shoe wall clock"
            ],
            "topics": [
                "Home Du00e9cor",
                "Sport"
            ]
        },
        {
            "question": "Which color scheme would you choose for a home theater with a soccer theme?",
            "options": [
                "Green and white",
                "Black and white",
                "Red and black",
                "Yellow and blue"
            ],
            "topics": [
                "Home Du00e9cor",
                "Sport"
            ]
        },
        {
            "question": "What type of bookshelf design works best for a home library with a basketball theme?",
            "options": [
                "Basketball hoop bookshelf",
                "Bookshelf with basketball court backdrop",
                "Bookshelf with basketball-shaped compartments",
                "Basketball patterned bookshelf"
            ],
            "topics": [
                "Home Du00e9cor",
                "Sport"
            ]
        },
        {
            "question": "Which type of rug design is suitable for a home gym with a dance theme?",
            "options": [
                "Chevron pattern rug",
                "Ballet slipper-shaped rug",
                "Tap dance floor-inspired rug",
                "Disco ball mirrored rug"
            ],
            "topics": [
                "Home Du00e9cor",
                "Sport"
            ]
        },
        {
            "question": "What type of wallpaper would you choose for a home office with a racing theme?",
            "options": [
                "Race track pattern wallpaper",
                "Checkered flag wallpaper",
                "Vintage race car collage wallpaper",
                "Race car number pattern wallpaper"
            ],
            "topics": [
                "Home Du00e9cor",
                "Sport"
            ]
        },
        {
            "question": "Which type of lighting fixture is essential for a home gym with a basketball theme?",
            "options": [
                "Basketball-inspired pendant lights",
                "Hoops-shaped chandelier",
                "LED strip lights on the floor",
                "Backboard-shaped wall sconces"
            ],
            "topics": [
                "Home Du00e9cor",
                "Sport"
            ]
        },
        {
            "question": "What color palette would you use for a home theater with a baseball theme?",
            "options": [
                "Red, white, and blue",
                "Green, brown, and white",
                "Orange, black, and gray",
                "Yellow, blue, and gold"
            ],
            "topics": [
                "Home Du00e9cor",
                "Sport"
            ]
        },
        {
            "question": "Which type of window treatment enhances a home gym with a golf theme?",
            "options": [
                "Motorized roller shades",
                "Golf-themed curtains",
                "Golf ball Roman blinds",
                "Sheer curtains for natural light"
            ],
            "topics": [
                "Home Du00e9cor",
                "Sport"
            ]
        },
        {
            "question": "What type of wall art would you choose for a home office with a football theme?",
            "options": [
                "Football stadium panoramic painting",
                "Framed football jersey",
                "Vintage football poster collection",
                "Metallic football helmet art"
            ],
            "topics": [
                "Home Du00e9cor",
                "Sport"
            ]
        },
        {
            "question": "Which seating option works best in a home theater with a basketball theme?",
            "options": [
                "Basketball-shaped bean bags",
                "Sectional sofa with basketball patterned upholstery",
                "Recliner chairs with built-in cup holders",
                "Stadium-style seating with team logos"
            ],
            "topics": [
                "Home Du00e9cor",
                "Sport"
            ]
        },
        {
            "question": "Which type of area rug is ideal for a home gym with a football theme?",
            "options": [
                "AstroTurf rug",
                "Football field diagram rug",
                "Football-shaped rug",
                "Goalpost patterned rug"
            ],
            "topics": [
                "Home Du00e9cor",
                "Sport"
            ]
        },
        {
            "question": "What color scheme would you choose for a home office with a surfing theme?",
            "options": [
                "Blue and white",
                "Turquoise and coral",
                "Yellow and green",
                "Navy blue and gold"
            ],
            "topics": [
                "Home Du00e9cor",
                "Sport"
            ]
        },
        {
            "question": "Which type of shelf design is suitable for displaying sports memorabilia in a home gym?",
            "options": [
                "Trophy display shelf with built-in lighting",
                "Floating shelves with jersey showcases",
                "Sports equipment-themed bookshelf",
                "Industrial pipe shelves with sports motifs"
            ],
            "topics": [
                "Home Du00e9cor",
                "Sport"
            ]
        },
        {
            "question": "What type of ceiling fan design works best for a home gym with a soccer theme?",
            "options": [
                "Soccer ball-shaped fan blades",
                "Goalpost-inspired fan with net-like blades",
                "Fan with soccer field lighting fixture",
                "Fan with team logo design"
            ],
            "topics": [
                "Home Du00e9cor",
                "Sport"
            ]
        },
        {
            "question": "Which type of bar stool design is essential for a home bar with a hockey theme?",
            "options": [
                "Hockey stick-shaped stool legs",
                "Puck-shaped seat cushion",
                "Hockey skate backrest",
                "Hockey scoreboard engraved stool"
            ],
            "topics": [
                "Home Du00e9cor",
                "Sport"
            ]
        },
        {
            "question": "What color palette would you use for a basement game room with a golf theme?",
            "options": [
                "Green, brown, and white",
                "Blue, gray, and white",
                "Yellow, black, and gold",
                "Red, white, and blue"
            ],
            "topics": [
                "Home Du00e9cor",
                "Sport"
            ]
        },
        {
            "question": "Which type of art installation would you prefer for a home gym with a tennis theme?",
            "options": [
                "Tennis racket wall art",
                "Tennis ball chandelier",
                "Tennis court map mural",
                "Metallic tennis player sculpture"
            ],
            "topics": [
                "Home Du00e9cor",
                "Sport"
            ]
        },
        {
            "question": "What type of curtain design complements a home gym with a martial arts theme?",
            "options": [
                "Blackout curtains with martial arts symbols",
                "Sheer curtains with bamboo motif",
                "Japanese-style sliding doors",
                "Red silk curtains with black tassels"
            ],
            "topics": [
                "Home Du00e9cor",
                "Sport"
            ]
        },
        {
            "question": "Which flooring material is most appropriate for a home gym with a basketball theme?",
            "options": [
                "Basketball court hardwood",
                "Rubber tiles with basketball court lines",
                "Vinyl planks with basketball pattern",
                "Carpet tiles with team logo"
            ],
            "topics": [
                "Home Du00e9cor",
                "Sport"
            ]
        },
        {
            "question": "Which fabric would you prefer for a sport-inspired throw pillow in a living room?",
            "options": [
                "Football-patterned fabric",
                "Basketball-textured fabric",
                "Baseball stitching fabric",
                "Soccer ball print fabric"
            ],
            "topics": [
                "Home Du00e9cor",
                "Sport"
            ]
        },
        {
            "question": "What type of bedroom furniture is ideal for a soccer fan?",
            "options": [
                "Bed with built-in soccer ball storage",
                "Nightstand shaped like a soccer ball",
                "Team jersey display dresser",
                "Soccer field-inspired headboard"
            ],
            "topics": [
                "Home Du00e9cor",
                "Sport"
            ]
        }
    ]
}