{
    "Movies & TV shows_Home Decor": [
        {
            "question": "Which movie features the most visually stunning interior designs?",
            "options": [
                "The Great Gatsby",
                "A Single Man",
                "The Grand Budapest Hotel"
            ],
            "topics": [
                "Movies & TV Shows",
                "Home Decor"
            ]
        },
        {
            "question": "What is your favorite TV show with the most stylish home decor?",
            "options": [
                "Mad Men",
                "Friends",
                "Sex and the City"
            ],
            "topics": [
                "Movies & TV Shows",
                "Home Decor"
            ]
        },
        {
            "question": "Would you prefer a living room inspired by a movie set or a TV show set?",
            "options": [
                "Movie set",
                "TV show set"
            ],
            "topics": [
                "Movies & TV Shows",
                "Home Decor"
            ]
        },
        {
            "question": "Which movie or TV show has influenced your home decor the most?",
            "options": [
                "The Devil Wears Prada",
                "Sherlock Holmes",
                "Game of Thrones"
            ],
            "topics": [
                "Movies & TV Shows",
                "Home Decor"
            ]
        },
        {
            "question": "Which home decor trend from a movie or TV show would you like to incorporate in your own space?",
            "options": [
                "Minimalist Scandinavian",
                "Vintage Retro",
                "Industrial Loft"
            ],
            "topics": [
                "Movies & TV Shows",
                "Home Decor"
            ]
        },
        {
            "question": "If you could live in any movie set, which one would you choose?",
            "options": [
                "Pride and Prejudice",
                "Harry Potter",
                "The Great Gatsby"
            ],
            "topics": [
                "Movies & TV Shows",
                "Home Decor"
            ]
        },
        {
            "question": "Which TV show has the most iconic couch?",
            "options": [
                "Friends",
                "The Simpsons",
                "The Big Bang Theory"
            ],
            "topics": [
                "Movies & TV Shows",
                "Home Decor"
            ]
        },
        {
            "question": "Which home decor element would you like to see showcased in a new movie or TV show?",
            "options": [
                "Wall gallery",
                "Statement chandelier",
                "Mid-century modern furniture"
            ],
            "topics": [
                "Movies & TV Shows",
                "Home Decor"
            ]
        },
        {
            "question": "Do you prefer movie theaters with classic or modern interior designs?",
            "options": [
                "Classic",
                "Modern"
            ],
            "topics": [
                "Movies & TV Shows",
                "Home Decor"
            ]
        },
        {
            "question": "Which movie or TV show has the best kitchen design?",
            "options": [
                "Chef",
                "Breaking Bad",
                "Marie Antoinette"
            ],
            "topics": [
                "Movies & TV Shows",
                "Home Decor"
            ]
        },
        {
            "question": "Which TV show features the most extravagant wardrobe?",
            "options": [
                "Gossip Girl",
                "The Crown",
                "Downton Abbey"
            ],
            "topics": [
                "Movies & TV Shows",
                "Home Decor"
            ]
        },
        {
            "question": "Would you decorate your house inspired by your favorite movie or TV show?",
            "options": [
                "Yes, completely",
                "Just a few elements",
                "No, I prefer my own style"
            ],
            "topics": [
                "Movies & TV Shows",
                "Home Decor"
            ]
        },
        {
            "question": "Which movie or TV show character's bedroom would you like to have?",
            "options": [
                "Carrie Bradshaw (Sex and the City)",
                "Sherlock Holmes (Sherlock)",
                "Tony Stark (Iron Man)"
            ],
            "topics": [
                "Movies & TV Shows",
                "Home Decor"
            ]
        },
        {
            "question": "What is your favorite genre of movies to watch while decorating your home?",
            "options": [
                "Romantic comedies",
                "Dramas",
                "Fantasy"
            ],
            "topics": [
                "Movies & TV Shows",
                "Home Decor"
            ]
        },
        {
            "question": "Which movie or TV show depicts the most cozy and inviting living room?",
            "options": [
                "The Holiday",
                "Gilmore Girls",
                "This Is Us"
            ],
            "topics": [
                "Movies & TV Shows",
                "Home Decor"
            ]
        },
        {
            "question": "If you could design a home inspired by a specific movie genre, which one would it be?",
            "options": [
                "Film noir",
                "Sci-fi",
                "Musical"
            ],
            "topics": [
                "Movies & TV Shows",
                "Home Decor"
            ]
        },
        {
            "question": "Which TV show has the best examples of modern home renovations?",
            "options": [
                "Fixer Upper",
                "Property Brothers",
                "Flip or Flop"
            ],
            "topics": [
                "Movies & TV Shows",
                "Home Decor"
            ]
        },
        {
            "question": "Which actor or actress has the most impressive home interior as showcased in magazines?",
            "options": [
                "Gwyneth Paltrow",
                "Ellen DeGeneres",
                "Jennifer Aniston"
            ],
            "topics": [
                "Movies & TV Shows",
                "Home Decor"
            ]
        },
        {
            "question": "Do you prefer movie theaters with traditional or contemporary seating designs?",
            "options": [
                "Traditional",
                "Contemporary"
            ],
            "topics": [
                "Movies & TV Shows",
                "Home Decor"
            ]
        },
        {
            "question": "Which fictional TV show residence would you choose to live in?",
            "options": [
                "Monica and Rachel's apartment (Friends)",
                "Dr. House's apartment (House M.D.)",
                "The Simpsons' home (The Simpsons)"
            ],
            "topics": [
                "Movies & TV Shows",
                "Home Decor"
            ]
        },
        {
            "question": "If you were to recreate a movie or TV show set, which one would it be?",
            "options": [
                "The Matrix",
                "Downton Abbey",
                "Stranger Things"
            ],
            "topics": [
                "Movies & TV Shows",
                "Home Decor"
            ]
        },
        {
            "question": "Would you rather have a home theater inspired by a classic movie or a contemporary one?",
            "options": [
                "Classic movie",
                "Contemporary movie"
            ],
            "topics": [
                "Movies & TV Shows",
                "Home Decor"
            ]
        },
        {
            "question": "Which TV show has the most impressive home library?",
            "options": [
                "Game of Thrones",
                "Beauty and the Beast",
                "Sherlock"
            ],
            "topics": [
                "Movies & TV Shows",
                "Home Decor"
            ]
        },
        {
            "question": "What is your favorite movie with a dreamy outdoor landscape inspiring your home decor?",
            "options": [
                "The Secret Garden",
                "Under the Tuscan Sun",
                "La La Land"
            ],
            "topics": [
                "Movies & TV Shows",
                "Home Decor"
            ]
        },
        {
            "question": "Which actor or actress has a home that reflects their famous character's personality?",
            "options": [
                "Johnny Depp",
                "Meryl Streep",
                "Tom Hanks"
            ],
            "topics": [
                "Movies & TV Shows",
                "Home Decor"
            ]
        },
        {
            "question": "If you could own a piece of furniture from a movie or TV show, which one would it be?",
            "options": [
                "The Iron Throne (Game of Thrones)",
                "Central Perk couch (Friends)",
                "Harry Potter's flying broomstick"
            ],
            "topics": [
                "Movies & TV Shows",
                "Home Decor"
            ]
        },
        {
            "question": "Which movie or TV show set inspires the most creativity in decor and interior design?",
            "options": [
                "Alice in Wonderland",
                "Stranger Things",
                "Black Mirror"
            ],
            "topics": [
                "Movies & TV Shows",
                "Home Decor"
            ]
        },
        {
            "question": "What is your preferred style of home decor when watching horror movies?",
            "options": [
                "Gothic",
                "Minimalist",
                "Eclectic"
            ],
            "topics": [
                "Movies & TV Shows",
                "Home Decor"
            ]
        },
        {
            "question": "Which movie or TV show features the most luxurious bathroom design?",
            "options": [
                "The Great Gatsby",
                "Fifty Shades of Grey",
                "Sex and the City"
            ],
            "topics": [
                "Movies & TV Shows",
                "Home Decor"
            ]
        },
        {
            "question": "If you could have a home decor inspired by a specific era, which one would it be?",
            "options": [
                "Art Deco (1920s)",
                "Mid-century Modern (1950s)",
                "Retro (1980s)"
            ],
            "topics": [
                "Movies & TV Shows",
                "Home Decor"
            ]
        },
        {
            "question": "Which TV show residence has the best examples of open concept floor plans?",
            "options": [
                "Friends",
                "Modern Family",
                "The Brady Bunch"
            ],
            "topics": [
                "Movies & TV Shows",
                "Home Decor"
            ]
        },
        {
            "question": "What is your favorite movie or TV show that showcases outdoor spaces, such as gardens or balconies?",
            "options": [
                "The Secret Life of Walter Mitty",
                "Sex and the City",
                "Notting Hill"
            ],
            "topics": [
                "Movies & TV Shows",
                "Home Decor"
            ]
        },
        {
            "question": "Do you prefer movie theaters with vintage or futuristic architectural designs?",
            "options": [
                "Vintage",
                "Futuristic"
            ],
            "topics": [
                "Movies & TV Shows",
                "Home Decor"
            ]
        },
        {
            "question": "Which movie or TV show has the most unique and eye-catching lighting design?",
            "options": [
                "Blade Runner",
                "Stranger Things",
                "The Great Gatsby"
            ],
            "topics": [
                "Movies & TV Shows",
                "Home Decor"
            ]
        },
        {
            "question": "Which character's wardrobe from a movie or TV show would you like to borrow for a day?",
            "options": [
                "Holly Golightly (Breakfast at Tiffany's)",
                "Tony Stark (Iron Man)",
                "Carrie Bradshaw (Sex and the City)"
            ],
            "topics": [
                "Movies & TV Shows",
                "Home Decor"
            ]
        },
        {
            "question": "What is your favorite movie or TV show that features a cozy fireplace in the background?",
            "options": [
                "Harry Potter series",
                "The Holiday",
                "Game of Thrones"
            ],
            "topics": [
                "Movies & TV Shows",
                "Home Decor"
            ]
        },
        {
            "question": "If you could live in any TV show residence, which one would you choose?",
            "options": [
                "The Simpsons' home (The Simpsons)",
                "Joey's apartment (Friends)",
                "Castle's loft (Castle)"
            ],
            "topics": [
                "Movies & TV Shows",
                "Home Decor"
            ]
        },
        {
            "question": "Would you rather have a bedroom inspired by a romantic movie or a sci-fi movie?",
            "options": [
                "Romantic movie",
                "Sci-fi movie"
            ],
            "topics": [
                "Movies & TV Shows",
                "Home Decor"
            ]
        },
        {
            "question": "Which movie or TV show has the most impressive dining room design?",
            "options": [
                "Downton Abbey",
                "The Great Gatsby",
                "The Crown"
            ],
            "topics": [
                "Movies & TV Shows",
                "Home Decor"
            ]
        },
        {
            "question": "What is your favorite movie or TV show that features a dreamy beachfront property?",
            "options": [
                "The Notebook",
                "Lost",
                "Big Little Lies"
            ],
            "topics": [
                "Movies & TV Shows",
                "Home Decor"
            ]
        },
        {
            "question": "If you could have a home decor inspired by a specific holiday movie, which one would it be?",
            "options": [
                "Home Alone",
                "Love Actually",
                "The Nightmare Before Christmas"
            ],
            "topics": [
                "Movies & TV Shows",
                "Home Decor"
            ]
        },
        {
            "question": "Which TV show residence has the most interesting blend of traditional and modern home decor?",
            "options": [
                "Sherlock",
                "Gossip Girl",
                "Game of Thrones"
            ],
            "topics": [
                "Movies & TV Shows",
                "Home Decor"
            ]
        },
        {
            "question": "Do you prefer movie theaters with glamorous or industrial interior designs?",
            "options": [
                "Glamorous",
                "Industrial"
            ],
            "topics": [
                "Movies & TV Shows",
                "Home Decor"
            ]
        },
        {
            "question": "Which movie or TV show has the most enchanting outdoor garden design?",
            "options": [
                "The Secret Garden",
                "The Chronicles of Narnia",
                "Alice in Wonderland"
            ],
            "topics": [
                "Movies & TV Shows",
                "Home Decor"
            ]
        },
        {
            "question": "If you could own a piece of home decor inspired by a superhero movie or a fantasy movie, which one would it be?",
            "options": [
                "Superhero movie",
                "Fantasy movie"
            ],
            "topics": [
                "Movies & TV Shows",
                "Home Decor"
            ]
        },
        {
            "question": "What is your favorite movie or TV show that features a charming cottage or farmhouse?",
            "options": [
                "The Holiday",
                "Gilmore Girls",
                "Little Women"
            ],
            "topics": [
                "Movies & TV Shows",
                "Home Decor"
            ]
        },
        {
            "question": "Which actor or actress has the most unique and eccentric home interior as showcased in magazines?",
            "options": [
                "Johnny Depp",
                "Lady Gaga",
                "Tim Burton"
            ],
            "topics": [
                "Movies & TV Shows",
                "Home Decor"
            ]
        },
        {
            "question": "If you could have a home decor inspired by a specific color palette, which one would it be?",
            "options": [
                "Pastel tones",
                "Bold and vibrant colors",
                "Neutral and earthy tones"
            ],
            "topics": [
                "Movies & TV Shows",
                "Home Decor"
            ]
        },
        {
            "question": "Which TV show features the most iconic kitchen design?",
            "options": [
                "Friends",
                "MasterChef",
                "Chef's Table"
            ],
            "topics": [
                "Movies & TV Shows",
                "Home Decor"
            ]
        },
        {
            "question": "Would you rather have a living room inspired by a fantasy movie or a historical drama?",
            "options": [
                "Fantasy movie",
                "Historical drama"
            ],
            "topics": [
                "Movies & TV Shows",
                "Home Decor"
            ]
        },
        {
            "question": "Which movie or TV show has the best examples of outdoor seating and entertaining areas?",
            "options": [
                "The Great Gatsby",
                "Game of Thrones",
                "Sex and the City"
            ],
            "topics": [
                "Movies & TV Shows",
                "Home Decor"
            ]
        },
        {
            "question": "What is your favorite movie or TV show that features a modern and sleek apartment design?",
            "options": [
                "Sex and the City",
                "Iron Man",
                "Black Mirror"
            ],
            "topics": [
                "Movies & TV Shows",
                "Home Decor"
            ]
        },
        {
            "question": "If you could have a home decor inspired by a specific architectural style, which one would it be?",
            "options": [
                "Art Nouveau",
                "Contemporary",
                "Mediterranean"
            ],
            "topics": [
                "Movies & TV Shows",
                "Home Decor"
            ]
        },
        {
            "question": "Which TV show residence has the most intriguing mix of eclectic and bohemian home decor?",
            "options": [
                "Girls",
                "Shameless",
                "That '70s Show"
            ],
            "topics": [
                "Movies & TV Shows",
                "Home Decor"
            ]
        },
        {
            "question": "What is your favorite movie or TV show that showcases a stunning rooftop terrace or patio?",
            "options": [
                "The Great Gatsby",
                "Friends with Benefits",
                "La La Land"
            ],
            "topics": [
                "Movies & TV Shows",
                "Home Decor"
            ]
        },
        {
            "question": "Do you prefer movie theaters with grand and opulent interior designs or sleek and modern designs?",
            "options": [
                "Grand and opulent",
                "Sleek and modern"
            ],
            "topics": [
                "Movies & TV Shows",
                "Home Decor"
            ]
        },
        {
            "question": "Which movie or TV show has the most fascinating use of mirrors in their set design?",
            "options": [
                "Black Swan",
                "Birdman",
                "American Horror Story"
            ],
            "topics": [
                "Movies & TV Shows",
                "Home Decor"
            ]
        },
        {
            "question": "Which character's wardrobe from a movie or TV show would you like to have in your own closet?",
            "options": [
                "Holly Golightly (Breakfast at Tiffany's)",
                "Olivia Pope (Scandal)",
                "Don Draper (Mad Men)"
            ],
            "topics": [
                "Movies & TV Shows",
                "Home Decor"
            ]
        },
        {
            "question": "What is your favorite movie or TV show that features a luxurious swimming pool in the background?",
            "options": [
                "The Great Gatsby",
                "The O.C.",
                "James Bond series"
            ],
            "topics": [
                "Movies & TV Shows",
                "Home Decor"
            ]
        },
        {
            "question": "If you could live in any movie set, which one would it be?",
            "options": [
                "Pride and Prejudice",
                "Harry Potter",
                "The Great Gatsby"
            ],
            "topics": [
                "Movies & TV Shows",
                "Home Decor"
            ]
        },
        {
            "question": "Which TV show has the most iconic couch?",
            "options": [
                "Friends",
                "The Simpsons",
                "The Big Bang Theory"
            ],
            "topics": [
                "Movies & TV Shows",
                "Home Decor"
            ]
        },
        {
            "question": "Which home decor element would you like to see showcased in a new movie or TV show?",
            "options": [
                "Wall gallery",
                "Statement chandelier",
                "Mid-century modern furniture"
            ],
            "topics": [
                "Movies & TV Shows",
                "Home Decor"
            ]
        },
        {
            "question": "Do you prefer movie theaters with classic or modern interior designs?",
            "options": [
                "Classic",
                "Modern"
            ],
            "topics": [
                "Movies & TV Shows",
                "Home Decor"
            ]
        },
        {
            "question": "Which movie or TV show has the best kitchen design?",
            "options": [
                "Chef",
                "Breaking Bad",
                "Marie Antoinette"
            ],
            "topics": [
                "Movies & TV Shows",
                "Home Decor"
            ]
        },
        {
            "question": "Which TV show features the most extravagant wardrobe?",
            "options": [
                "Gossip Girl",
                "The Crown",
                "Downton Abbey"
            ],
            "topics": [
                "Movies & TV Shows",
                "Home Decor"
            ]
        },
        {
            "question": "Would you decorate your house inspired by your favorite movie or TV show?",
            "options": [
                "Yes, completely",
                "Just a few elements",
                "No, I prefer my own style"
            ],
            "topics": [
                "Movies & TV Shows",
                "Home Decor"
            ]
        },
        {
            "question": "Which movie or TV show character's bedroom would you like to have?",
            "options": [
                "Carrie Bradshaw (Sex and the City)",
                "Sherlock Holmes (Sherlock)",
                "Tony Stark (Iron Man)"
            ],
            "topics": [
                "Movies & TV Shows",
                "Home Decor"
            ]
        }
    ]
}