{
    "Music_Pets": [
        {
            "question": "What song instantly puts you in a good mood when hanging out with your pet?",
            "options": [
                "Happy",
                "Walking on Sunshine",
                "Don't Stop Me Now"
            ],
            "topics": [
                "Music",
                "Pets"
            ]
        },
        {
            "question": "Do you sing or play an instrument to calm your pet?",
            "options": [
                "Yes",
                "No"
            ],
            "topics": [
                "Music",
                "Pets"
            ]
        },
        {
            "question": "What type of music do you think your pet enjoys the most?",
            "options": [
                "Classical",
                "Rock",
                "Pop"
            ],
            "topics": [
                "Music",
                "Pets"
            ]
        },
        {
            "question": "Do you have a favorite artist/band that you associate with your pet?",
            "options": [
                "Yes",
                "No"
            ],
            "topics": [
                "Music",
                "Pets"
            ]
        },
        {
            "question": "What do you think your pet's favorite genre of music would be?",
            "options": [
                "Jazz",
                "Country",
                "Electronic"
            ],
            "topics": [
                "Music",
                "Pets"
            ]
        },
        {
            "question": "Do you have a special playlist for your pet to listen to during the day?",
            "options": [
                "Yes",
                "No"
            ],
            "topics": [
                "Music",
                "Pets"
            ]
        },
        {
            "question": "If your pet could play an instrument, what do you think it would be?",
            "options": [
                "Piano",
                "Guitar",
                "Drums"
            ],
            "topics": [
                "Music",
                "Pets"
            ]
        },
        {
            "question": "Have you ever composed a song dedicated to your pet?",
            "options": [
                "Yes",
                "No"
            ],
            "topics": [
                "Music",
                "Pets"
            ]
        },
        {
            "question": "What's your favorite pet-themed song?",
            "options": [
                "Who Let the Dogs Out",
                "Eye of the Tiger",
                "How Much is that Doggie in the Window?"
            ],
            "topics": [
                "Music",
                "Pets"
            ]
        },
        {
            "question": "If your pet could attend a music concert, which genre would they enjoy the most?",
            "options": [
                "Rock",
                "Pop",
                "R&B"
            ],
            "topics": [
                "Music",
                "Pets"
            ]
        },
        {
            "question": "Do you have a pet that enjoys dancing to music?",
            "options": [
                "Yes",
                "No"
            ],
            "topics": [
                "Music",
                "Pets"
            ]
        },
        {
            "question": "What's your favorite pet-related music video?",
            "options": [
                "Old Town Road (Remix) ft. Billy Ray Cyrus",
                "Meow Mix Commercial",
                "I Love My Dog by Cat Stevens"
            ],
            "topics": [
                "Music",
                "Pets"
            ]
        },
        {
            "question": "Do you play music specifically for your pet when you're not at home?",
            "options": [
                "Yes",
                "No"
            ],
            "topics": [
                "Music",
                "Pets"
            ]
        },
        {
            "question": "If your pet could choose their favorite music radio station, which genre would it play?",
            "options": [
                "Hip Hop",
                "Country",
                "Alternative"
            ],
            "topics": [
                "Music",
                "Pets"
            ]
        },
        {
            "question": "Do you include your pet in karaoke sessions at home?",
            "options": [
                "Yes",
                "No"
            ],
            "topics": [
                "Music",
                "Pets"
            ]
        },
        {
            "question": "What's your favorite pet-themed album or soundtrack?",
            "options": [
                "Cats: The Musical",
                "Pet Sounds by The Beach Boys",
                "Ruff Mix by The Rolling Bones"
            ],
            "topics": [
                "Music",
                "Pets"
            ]
        },
        {
            "question": "If your pet could join a famous band, which one would they choose?",
            "options": [
                "The Beatles",
                "Queen",
                "Led Zeppelin"
            ],
            "topics": [
                "Music",
                "Pets"
            ]
        },
        {
            "question": "Do you have any lullabies or calming music you play to help your pet sleep or relax?",
            "options": [
                "Yes",
                "No"
            ],
            "topics": [
                "Music",
                "Pets"
            ]
        },
        {
            "question": "What's the most hilarious song or music video involving pets that you've come across?",
            "options": [
                "The Duck Song",
                "The Hamster Dance",
                "Badger Badger Badger"
            ],
            "topics": [
                "Music",
                "Pets"
            ]
        },
        {
            "question": "If your pet could be a music producer, which genre do you think they'd excel at?",
            "options": [
                "Electronic",
                "Rap",
                "Indie"
            ],
            "topics": [
                "Music",
                "Pets"
            ]
        },
        {
            "question": "Do you believe that playing music for your pet helps in their overall well-being?",
            "options": [
                "Yes",
                "No"
            ],
            "topics": [
                "Music",
                "Pets"
            ]
        },
        {
            "question": "What's your favorite pet-themed commercial jingle?",
            "options": [
                "Meow Mix",
                "Kibbles 'n Bits",
                "Purina Dog Chow"
            ],
            "topics": [
                "Music",
                "Pets"
            ]
        },
        {
            "question": "If your pet had a favorite musical instrument, what would it be?",
            "options": [
                "Violin",
                "Saxophone",
                "Trumpet"
            ],
            "topics": [
                "Music",
                "Pets"
            ]
        },
        {
            "question": "Do you think your pet's behavior changes when certain music is playing?",
            "options": [
                "Yes",
                "No"
            ],
            "topics": [
                "Music",
                "Pets"
            ]
        },
        {
            "question": "What's your favorite pet-related song lyric?",
            "options": [
                "You Ain't Nothin' But a Hound Dog",
                "All You Need is Love and a Dog",
                "Who Let the Dogs Out"
            ],
            "topics": [
                "Music",
                "Pets"
            ]
        },
        {
            "question": "If your pet was to star in a music video, which song would be the perfect fit?",
            "options": [
                "Uptown Funk",
                "Shake It Off",
                "Happy"
            ],
            "topics": [
                "Music",
                "Pets"
            ]
        },
        {
            "question": "Do you perform live music for your pet, singing or playing an instrument?",
            "options": [
                "Yes",
                "No"
            ],
            "topics": [
                "Music",
                "Pets"
            ]
        },
        {
            "question": "What's your favorite song that features an animal in its title?",
            "options": [
                "Blackbird by The Beatles",
                "Eye of the Tiger by Survivor",
                "The Lion Sleeps Tonight by The Tokens"
            ],
            "topics": [
                "Music",
                "Pets"
            ]
        },
        {
            "question": "If your pet was to form a band, which role would they take?",
            "options": [
                "Lead Singer",
                "Guitarist",
                "Drummer"
            ],
            "topics": [
                "Music",
                "Pets"
            ]
        },
        {
            "question": "Do you have a favorite music genre that you think your pet dislikes?",
            "options": [
                "Yes",
                "No"
            ],
            "topics": [
                "Music",
                "Pets"
            ]
        },
        {
            "question": "What's the funniest or strangest reaction your pet has had to music?",
            "options": [
                "Dancing",
                "Howling",
                "Sleeping"
            ],
            "topics": [
                "Music",
                "Pets"
            ]
        },
        {
            "question": "If your pet was to star in a music movie, which genre would suit them best?",
            "options": [
                "Musical",
                "Romantic Comedy",
                "Action/Adventure"
            ],
            "topics": [
                "Music",
                "Pets"
            ]
        },
        {
            "question": "Do you listen to music with your pet on road trips?",
            "options": [
                "Yes",
                "No"
            ],
            "topics": [
                "Music",
                "Pets"
            ]
        },
        {
            "question": "What's your favorite music album cover featuring animals/pets?",
            "options": [
                "Dark Side of the Moon by Pink Floyd",
                "Licensed to Ill by Beastie Boys",
                "Rubber Soul by The Beatles"
            ],
            "topics": [
                "Music",
                "Pets"
            ]
        },
        {
            "question": "If your pet could choose a theme song that represented them, which song would it be?",
            "options": [
                "Born Free",
                "Eye of the Tiger",
                "Don't Stop Believin'"
            ],
            "topics": [
                "Music",
                "Pets"
            ]
        },
        {
            "question": "Do you have a specific song you sing to your pet when you're feeling down?",
            "options": [
                "Yes",
                "No"
            ],
            "topics": [
                "Music",
                "Pets"
            ]
        },
        {
            "question": "What's the most soothing music you've used to calm your pet during anxiety-inducing situations?",
            "options": [
                "Classical",
                "Ambient",
                "New Age"
            ],
            "topics": [
                "Music",
                "Pets"
            ]
        },
        {
            "question": "If your pet could have a music-related superpower, what would it be?",
            "options": [
                "Perfect pitch",
                "Musical mimicry",
                "Ability to compose symphonies"
            ],
            "topics": [
                "Music",
                "Pets"
            ]
        },
        {
            "question": "What's your pet's favorite part of your music practice sessions?",
            "options": [
                "Sitting beside me",
                "Sleeping nearby",
                "Listening attentively"
            ],
            "topics": [
                "Music",
                "Pets"
            ]
        },
        {
            "question": "Do you believe that playing music for your pet helps to strengthen your bond?",
            "options": [
                "Yes",
                "No"
            ],
            "topics": [
                "Music",
                "Pets"
            ]
        },
        {
            "question": "What's your favorite pet-themed music festival or event?",
            "options": [
                "Bark in the Park",
                "Woofstock",
                "Meowfest"
            ],
            "topics": [
                "Music",
                "Pets"
            ]
        },
        {
            "question": "If your pet was to write a song, what do you think it would be about?",
            "options": [
                "Love and loyalty",
                "Daily adventures",
                "Playtime"
            ],
            "topics": [
                "Music",
                "Pets"
            ]
        },
        {
            "question": "Do you have a favorite pet-themed parody song?",
            "options": [
                "Pet Shop by Weird Al Yankovic",
                "Bark Thrills by Jimmy Fallon",
                "I Kissed a Squirrel and I Liked It"
            ],
            "topics": [
                "Music",
                "Pets"
            ]
        },
        {
            "question": "What's your pet's preferred spot when you're playing music at home?",
            "options": [
                "Next to the speakers",
                "On your lap",
                "Curled up in the corner"
            ],
            "topics": [
                "Music",
                "Pets"
            ]
        },
        {
            "question": "If your pet could attend a music awards show, which one would they choose?",
            "options": [
                "Grammy Awards",
                "MTV Video Music Awards",
                "American Music Awards"
            ],
            "topics": [
                "Music",
                "Pets"
            ]
        },
        {
            "question": "Do you have a favorite pet-themed song from a movie soundtrack?",
            "options": [
                "The Bare Necessities (The Jungle Book)",
                "Who's Driving Your Car Tonight (The Secret Life of Pets)",
                "We Belong Together (Toy Story 3)"
            ],
            "topics": [
                "Music",
                "Pets"
            ]
        },
        {
            "question": "If your pet was a DJ, what would be their signature music style?",
            "options": [
                "Hip Hop",
                "EDM",
                "Reggae"
            ],
            "topics": [
                "Music",
                "Pets"
            ]
        },
        {
            "question": "Would you consider playing a musical instrument for your pet as a form of enrichment?",
            "options": [
                "Yes",
                "No"
            ],
            "topics": [
                "Music",
                "Pets"
            ]
        },
        {
            "question": "What's your favorite pet-themed song cover?",
            "options": [
                "I Will Always Love You (Whitney Houston cover by Johnny Cash)",
                "Blackbird (The Beatles cover by Dave Grohl)",
                "Hound Dog (Elvis Presley cover by Jimi Hendrix)"
            ],
            "topics": [
                "Music",
                "Pets"
            ]
        },
        {
            "question": "Do you have a favorite music-related quote that reflects the bond between humans and pets?",
            "options": [
                "Life is a song worth living when you have a pet by your side.",
                "Music is what feelings sound like, and pets understand both.",
                "Pets are the lyrics to the music of our lives."
            ],
            "topics": [
                "Music",
                "Pets"
            ]
        },
        {
            "question": "If your pet could choose a musician as their owner, who would they pick?",
            "options": [
                "Taylor Swift",
                "Dave Grohl",
                "Beyoncu00e9"
            ],
            "topics": [
                "Music",
                "Pets"
            ]
        },
        {
            "question": "Do you have a favorite classical composition that your pet seems to enjoy?",
            "options": [
                "Beethoven's Symphony No. 9",
                "Mozart's Eine kleine Nachtmusik",
                "Tchaikovsky's Swan Lake"
            ],
            "topics": [
                "Music",
                "Pets"
            ]
        },
        {
            "question": "What's your pet's reaction when they hear live music being played?",
            "options": [
                "Excitement",
                "Indifference",
                "Calmness"
            ],
            "topics": [
                "Music",
                "Pets"
            ]
        },
        {
            "question": "What's your favorite pet-themed song from a TV show soundtrack?",
            "options": [
                "Georgia on My Mind (Ally McBeal)",
                "Soft Kitty (The Big Bang Theory)",
                "I'm Flying/Fly Away Home (Lassie)"
            ],
            "topics": [
                "Music",
                "Pets"
            ]
        },
        {
            "question": "If your pet had a music-themed talent show, what talent or trick would they showcase?",
            "options": [
                "Singing",
                "Dancing",
                "Playing an instrument"
            ],
            "topics": [
                "Music",
                "Pets"
            ]
        },
        {
            "question": "Do you believe that playing calming music helps reduce separation anxiety in pets?",
            "options": [
                "Yes",
                "No"
            ],
            "topics": [
                "Music",
                "Pets"
            ]
        },
        {
            "question": "What's your favorite pet-themed song from a Broadway musical?",
            "options": [
                "Memory (Cats)",
                "Buddy's Song (Elaine Paige)",
                "You're the Top (Anything Goes)"
            ],
            "topics": [
                "Music",
                "Pets"
            ]
        },
        {
            "question": "If your pet could attend a music festival, which one would they choose?",
            "options": [
                "Coachella",
                "Glastonbury",
                "Bonnaroo"
            ],
            "topics": [
                "Music",
                "Pets"
            ]
        },
        {
            "question": "Do you have a favorite pet-themed song from a children's album?",
            "options": [
                "B-I-N-G-O",
                "Old MacDonald Had a Farm",
                "The Wheels on the Bus"
            ],
            "topics": [
                "Music",
                "Pets"
            ]
        },
        {
            "question": "What's the most unusual or surprising instrument your pet is not bothered by when played?",
            "options": [
                "Trumpet",
                "Violin",
                "Drums"
            ],
            "topics": [
                "Music",
                "Pets"
            ]
        },
        {
            "question": "If your pet could learn to dance to any genre of music, which one would they choose?",
            "options": [
                "Salsa",
                "Hip Hop",
                "Ballet"
            ],
            "topics": [
                "Music",
                "Pets"
            ]
        },
        {
            "question": "Do you have a favorite pet-themed song from a video game soundtrack?",
            "options": [
                "Dire, Dire Docks (Super Mario 64)",
                "Dragon Roost Island (The Legend of Zelda: The Wind Waker)",
                "JENOVA (Final Fantasy VII)"
            ],
            "topics": [
                "Music",
                "Pets"
            ]
        },
        {
            "question": "If your pet was a music critic, what kind of reviews do you think they would give?",
            "options": [
                "Pawsitive and enthusiastic",
                "Honest but diplomatic",
                "Highly selective and discerning"
            ],
            "topics": [
                "Music",
                "Pets"
            ]
        },
        {
            "question": "What's your pet's favorite spot to relax and listen to music?",
            "options": [
                "Sofa or couch",
                "Near a window",
                "Under a table or desk"
            ],
            "topics": [
                "Music",
                "Pets"
            ]
        },
        {
            "question": "If your pet could choose a music-themed career, what would it be?",
            "options": [
                "Concert pianist",
                "Rockstar",
                "Music therapist for animals"
            ],
            "topics": [
                "Music",
                "Pets"
            ]
        },
        {
            "question": "Do you have a favorite pet-themed song from a documentary or nature series?",
            "options": [
                "Circle of Life (The Lion King)",
                "Bambi's Theme (Bambi)",
                "The Elephant Song (The Jungle Book)"
            ],
            "topics": [
                "Music",
                "Pets"
            ]
        },
        {
            "question": "What's your pet's reaction to music playing in commercials or advertisements?",
            "options": [
                "Curiosity",
                "Indifference",
                "Excitement"
            ],
            "topics": [
                "Music",
                "Pets"
            ]
        },
        {
            "question": "If your pet could have a musical duet with any singer or musician, who would it be?",
            "options": [
                "Adele",
                "Bruno Mars",
                "Lady Gaga"
            ],
            "topics": [
                "Music",
                "Pets"
            ]
        },
        {
            "question": "Do you have a favorite pet-themed song from a holiday album?",
            "options": [
                "Jingle Cats (Various Artists)",
                "The 12 Dogs of Christmas (Coco Starlight)",
                "Woofy Woofy Christmas (The Merry Dogs of Chestnut Hill)"
            ],
            "topics": [
                "Music",
                "Pets"
            ]
        },
        {
            "question": "What's your pet's preferred volume level when you play music?",
            "options": [
                "Soft and soothing",
                "Moderate",
                "Loud and energetic"
            ],
            "topics": [
                "Music",
                "Pets"
            ]
        },
        {
            "question": "If your pet could attend a music workshop, which one would they choose?",
            "options": [
                "Guitar Masterclass",
                "Songwriting Intensive",
                "Drumming Techniques"
            ],
            "topics": [
                "Music",
                "Pets"
            ]
        },
        {
            "question": "Do you have a favorite pet-themed song from a famous musician's discography?",
            "options": [
                "Wonderful Tonight (Eric Clapton)",
                "Hound Dog (Elvis Presley)",
                "Blackbird (The Beatles)"
            ],
            "topics": [
                "Music",
                "Pets"
            ]
        },
        {
            "question": "What's the most memorable or heartwarming music-related moment you've shared with your pet?",
            "options": [
                "Serenading them with a favorite song",
                "Dancing together",
                "Watching them enjoy live music"
            ],
            "topics": [
                "Music",
                "Pets"
            ]
        }
    ]
}