{
    "Music_Travel": [
        {
            "question": "What is your favorite music genre to listen to while traveling?",
            "options": [
                "Pop",
                "Rock",
                "Hip Hop",
                "Classical",
                "Country",
                "Electronic",
                "R&B",
                "Jazz",
                "Reggae"
            ],
            "topics": [
                "Music",
                "Travel"
            ]
        },
        {
            "question": "Which destination would you most like to visit for its music scene?",
            "options": [
                "Nashville, Tennessee",
                "New Orleans, Louisiana",
                "Berlin, Germany",
                "Rio de Janeiro, Brazil",
                "Tokyo, Japan",
                "Cape Town, South Africa"
            ],
            "topics": [
                "Music",
                "Travel"
            ]
        },
        {
            "question": "What is your preferred mode of transportation when traveling to music festivals?",
            "options": [
                "Car",
                "Train",
                "Bus",
                "Plane"
            ],
            "topics": [
                "Music",
                "Travel"
            ]
        },
        {
            "question": "Do you enjoy discovering local music while traveling?",
            "options": [
                "Yes",
                "No"
            ],
            "topics": [
                "Music",
                "Travel"
            ]
        },
        {
            "question": "Which famous musician's hometown would you most like to visit?",
            "options": [
                "Elvis Presley (Tupelo, Mississippi)",
                "The Beatles (Liverpool, England)",
                "Beyoncu00e9 (Houston, Texas)",
                "Bob Marley (Kingston, Jamaica)",
                "Freddie Mercury (Zanzibar City, Tanzania)",
                "Mozart (Salzburg, Austria)"
            ],
            "topics": [
                "Music",
                "Travel"
            ]
        },
        {
            "question": "What musical instrument do you enjoy playing while on vacation?",
            "options": [
                "Guitar",
                "Piano",
                "Drums",
                "Violin",
                "Flute",
                "Trumpet",
                "Saxophone"
            ],
            "topics": [
                "Music",
                "Travel"
            ]
        },
        {
            "question": "Which music festival is on your travel bucket list?",
            "options": [
                "Coachella (California, USA)",
                "Glastonbury (Somerset, England)",
                "Tomorrowland (Boom, Belgium)",
                "Burning Man (Nevada, USA)",
                "Sziget Festival (Budapest, Hungary)",
                "Woodstock (New York, USA)"
            ],
            "topics": [
                "Music",
                "Travel"
            ]
        },
        {
            "question": "Do you enjoy collecting vinyl records from different cities you travel to?",
            "options": [
                "Yes",
                "No"
            ],
            "topics": [
                "Music",
                "Travel"
            ]
        },
        {
            "question": "What is your favorite travel anthem?",
            "options": [
                "'Born to Run' by Bruce Springsteen",
                "'Africa' by Toto",
                "'Wanderlust' by Bju00f6rk",
                "'Drops of Jupiter' by Train",
                "'I Will Wait' by Mumford & Sons",
                "'On the Road Again' by Willie Nelson"
            ],
            "topics": [
                "Music",
                "Travel"
            ]
        },
        {
            "question": "Which city is the best for live music performances?",
            "options": [
                "Austin, Texas",
                "New York City, USA",
                "Berlin, Germany",
                "London, England",
                "Tokyo, Japan",
                "Sydney, Australia"
            ],
            "topics": [
                "Music",
                "Travel"
            ]
        },
        {
            "question": "What type of music relaxes you the most during a long flight?",
            "options": [
                "Instrumental",
                "Ambient",
                "Classical",
                "Chillout",
                "New Age",
                "Nature Sounds"
            ],
            "topics": [
                "Music",
                "Travel"
            ]
        },
        {
            "question": "Do you enjoy attending street music performances while exploring new cities?",
            "options": [
                "Yes",
                "No"
            ],
            "topics": [
                "Music",
                "Travel"
            ]
        },
        {
            "question": "Which musical city would you like to visit during a festival?",
            "options": [
                "New Orleans, Louisiana (Jazz Fest)",
                "Salzburg, Austria (Salzburg Festival)",
                "Memphis, Tennessee (Beale Street Music Festival)",
                "Austin, Texas (South by Southwest)",
                "Montreux, Switzerland (Montreux Jazz Festival)",
                "Barcelona, Spain (Primavera Sound)"
            ],
            "topics": [
                "Music",
                "Travel"
            ]
        },
        {
            "question": "What is your preferred way to discover new music while on a road trip?",
            "options": [
                "Local FM/AM Radio",
                "Online Streaming Services",
                "CDs",
                "Cassettes",
                "Vinyl Records",
                "Mixtapes"
            ],
            "topics": [
                "Music",
                "Travel"
            ]
        },
        {
            "question": "Which music-related landmark would you most like to visit?",
            "options": [
                "Abbey Road Studios (London, England)",
                "Graceland (Memphis, Tennessee)",
                "The Rock and Roll Hall of Fame (Cleveland, Ohio)",
                "Musicians' Corner (Nashville, Tennessee)",
                "Motown Museum (Detroit, Michigan)",
                "The Birthplace of Jazz (New Orleans, Louisiana)"
            ],
            "topics": [
                "Music",
                "Travel"
            ]
        },
        {
            "question": "Do you prefer attending large music festivals or intimate concerts while traveling?",
            "options": [
                "Large Music Festivals",
                "Intimate Concerts"
            ],
            "topics": [
                "Music",
                "Travel"
            ]
        },
        {
            "question": "What is your favorite city for busking and street music performances?",
            "options": [
                "London, England",
                "New York City, USA",
                "Paris, France",
                "Sydney, Australia",
                "Barcelona, Spain",
                "Berlin, Germany"
            ],
            "topics": [
                "Music",
                "Travel"
            ]
        },
        {
            "question": "Which music-themed museum or exhibition would you like to visit?",
            "options": [
                "The Beatles Story (Liverpool, England)",
                "Musu00e9e de la Musique (Paris, France)",
                "The Grammy Museum (Los Angeles, California)",
                "Wagner Museum (Bayreuth, Germany)",
                "Bob Marley Museum (Kingston, Jamaica)",
                "ABBA The Museum (Stockholm, Sweden)"
            ],
            "topics": [
                "Music",
                "Travel"
            ]
        },
        {
            "question": "What is your preferred music streaming platform when traveling?",
            "options": [
                "Spotify",
                "Apple Music",
                "Amazon Music",
                "YouTube Music",
                "Deezer",
                "Tidal"
            ],
            "topics": [
                "Music",
                "Travel"
            ]
        },
        {
            "question": "Which city has the best nightlife for music lovers?",
            "options": [
                "Berlin, Germany",
                "Tokyo, Japan",
                "Ibiza, Spain",
                "New Orleans, Louisiana",
                "Amsterdam, Netherlands",
                "Las Vegas, Nevada"
            ],
            "topics": [
                "Music",
                "Travel"
            ]
        },
        {
            "question": "Do you enjoy attending music-themed tours or guided experiences while traveling?",
            "options": [
                "Yes",
                "No"
            ],
            "topics": [
                "Music",
                "Travel"
            ]
        },
        {
            "question": "What is your favorite music festival memory from a travel experience?",
            "options": [
                "Performances",
                "Camping with friends",
                "Meeting new people",
                "Exploring the festival grounds",
                "Discovering new artists",
                "Eating delicious food"
            ],
            "topics": [
                "Music",
                "Travel"
            ]
        },
        {
            "question": "Which type of music festival would you most like to attend on a beach?",
            "options": [
                "Reggae festival",
                "Electronic dance music festival",
                "Indie music festival",
                "World music festival",
                "Jam band festival",
                "Salsa and Latin music festival"
            ],
            "topics": [
                "Music",
                "Travel"
            ]
        },
        {
            "question": "Do you enjoy taking music-themed walking tours in different cities?",
            "options": [
                "Yes",
                "No"
            ],
            "topics": [
                "Music",
                "Travel"
            ]
        },
        {
            "question": "What is your preferred source for discovering local music while traveling?",
            "options": [
                "Local radio stations",
                "Word of mouth recommendations",
                "Online music platforms",
                "Live performances in bars/clubs",
                "Music festivals"
            ],
            "topics": [
                "Music",
                "Travel"
            ]
        },
        {
            "question": "Which city has the most vibrant street music scene?",
            "options": [
                "New Orleans, Louisiana",
                "Berlin, Germany",
                "Austin, Texas",
                "Barcelona, Spain",
                "Dublin, Ireland",
                "Cape Town, South Africa"
            ],
            "topics": [
                "Music",
                "Travel"
            ]
        },
        {
            "question": "Do you enjoy attending music workshops or classes while traveling?",
            "options": [
                "Yes",
                "No"
            ],
            "topics": [
                "Music",
                "Travel"
            ]
        },
        {
            "question": "Which music festival has the most breathtaking backdrop or location?",
            "options": [
                "Coachella (Indio, California)",
                "Glastonbury (Somerset, England)",
                "Electric Daisy Carnival (Las Vegas, Nevada)",
                "Fuji Rock Festival (Niigata, Japan)",
                "Su00f3nar (Barcelona, Spain)",
                "Envision Festival (Uvita, Costa Rica)"
            ],
            "topics": [
                "Music",
                "Travel"
            ]
        },
        {
            "question": "What is your preferred volume level when listening to music during a flight?",
            "options": [
                "Low",
                "Medium",
                "High"
            ],
            "topics": [
                "Music",
                "Travel"
            ]
        },
        {
            "question": "Do you enjoy exploring record stores while traveling?",
            "options": [
                "Yes",
                "No"
            ],
            "topics": [
                "Music",
                "Travel"
            ]
        },
        {
            "question": "Which city is known for its vibrant busking culture?",
            "options": [
                "Dublin, Ireland",
                "Sydney, Australia",
                "Odessa, Ukraine",
                "Portland, Oregon",
                "Prague, Czech Republic",
                "Funchal, Portugal"
            ],
            "topics": [
                "Music",
                "Travel"
            ]
        },
        {
            "question": "What is your preferred type of music to listen to while sightseeing?",
            "options": [
                "Upbeat Pop",
                "Epic Film Scores",
                "Folk/Acoustic",
                "Ambient/Atmospheric",
                "World Music",
                "Classical"
            ],
            "topics": [
                "Music",
                "Travel"
            ]
        },
        {
            "question": "Do you enjoy attending classical music concerts in historic venues while traveling?",
            "options": [
                "Yes",
                "No"
            ],
            "topics": [
                "Music",
                "Travel"
            ]
        },
        {
            "question": "Which city has the best live street music performances?",
            "options": [
                "New Orleans, Louisiana",
                "Barcelona, Spain",
                "Austin, Texas",
                "Berlin, Germany",
                "Sydney, Australia",
                "London, England"
            ],
            "topics": [
                "Music",
                "Travel"
            ]
        },
        {
            "question": "What is your preferred music genre to listen to when driving through scenic routes?",
            "options": [
                "Classic Rock",
                "Country",
                "Indie/Alternative",
                "Blues",
                "Folk/Acoustic",
                "Reggae"
            ],
            "topics": [
                "Music",
                "Travel"
            ]
        },
        {
            "question": "Do you enjoy visiting music-themed cafes or bars while traveling?",
            "options": [
                "Yes",
                "No"
            ],
            "topics": [
                "Music",
                "Travel"
            ]
        },
        {
            "question": "Which music festival in the world appeals to you the most?",
            "options": [
                "Bonnaroo (Manchester, Tennessee)",
                "Rock in Rio (Rio de Janeiro, Brazil)",
                "Bestival (Isle of Wight, England)",
                "Exit Festival (Novi Sad, Serbia)",
                "Lollapalooza (Chicago, Illinois)",
                "Reading and Leeds Festival (Reading and Leeds, England)"
            ],
            "topics": [
                "Music",
                "Travel"
            ]
        },
        {
            "question": "What is your preferred music playlist or app for road trips?",
            "options": [
                "Classic Road Trip Hits",
                "Indie Road Trip Mix",
                "Energetic Pop Hits",
                "Chill Out and Relax",
                "Cross-Genre Favorites",
                "Country Road Tunes"
            ],
            "topics": [
                "Music",
                "Travel"
            ]
        },
        {
            "question": "Do you enjoy attending music-related food and wine festivals while traveling?",
            "options": [
                "Yes",
                "No"
            ],
            "topics": [
                "Music",
                "Travel"
            ]
        },
        {
            "question": "Which city is known for its vibrant electronic music scene?",
            "options": [
                "Berlin, Germany",
                "Amsterdam, Netherlands",
                "Ibiza, Spain",
                "Detroit, Michigan",
                "London, England",
                "Tokyo, Japan"
            ],
            "topics": [
                "Music",
                "Travel"
            ]
        },
        {
            "question": "What is your preferred style of music to listen to while hiking in nature?",
            "options": [
                "Folk/Acoustic",
                "Nature Sounds",
                "Ambient/Atmospheric",
                "Classical",
                "Indie/Folk Rock",
                "World Music"
            ],
            "topics": [
                "Music",
                "Travel"
            ]
        },
        {
            "question": "Do you enjoy attending local music festivals in remote or exotic locations while traveling?",
            "options": [
                "Yes",
                "No"
            ],
            "topics": [
                "Music",
                "Travel"
            ]
        },
        {
            "question": "Which world music genre appeals to you the most when traveling?",
            "options": [
                "African",
                "Latin",
                "Middle Eastern",
                "Asian",
                "Polynesian",
                "Celtic"
            ],
            "topics": [
                "Music",
                "Travel"
            ]
        },
        {
            "question": "What is your preferred method for capturing live music performances during your travels?",
            "options": [
                "Photos",
                "Videos",
                "Audio Recordings",
                "Live Streaming"
            ],
            "topics": [
                "Music",
                "Travel"
            ]
        },
        {
            "question": "Do you enjoy attending music-related workshops or classes while traveling?",
            "options": [
                "Yes",
                "No"
            ],
            "topics": [
                "Music",
                "Travel"
            ]
        },
        {
            "question": "Which city has the best underground music scene?",
            "options": [
                "Berlin, Germany",
                "Brooklyn, New York",
                "Tokyo, Japan",
                "London, England",
                "Melbourne, Australia",
                "Glasgow, Scotland"
            ],
            "topics": [
                "Music",
                "Travel"
            ]
        },
        {
            "question": "What is your preferred type of live music venue while traveling?",
            "options": [
                "Small intimate venues",
                "Historic theaters",
                "Rooftop bars",
                "Beachfront stages",
                "Outdoor amphitheaters",
                "Hidden underground clubs"
            ],
            "topics": [
                "Music",
                "Travel"
            ]
        },
        {
            "question": "Do you enjoy visiting music-related landmarks or museums while traveling?",
            "options": [
                "Yes",
                "No"
            ],
            "topics": [
                "Music",
                "Travel"
            ]
        },
        {
            "question": "Which city is known for its vibrant jazz music scene?",
            "options": [
                "New Orleans, Louisiana",
                "New York City, USA",
                "Paris, France",
                "Chicago, Illinois",
                "Copenhagen, Denmark",
                "Tokyo, Japan"
            ],
            "topics": [
                "Music",
                "Travel"
            ]
        },
        {
            "question": "What is your preferred way of experiencing local music while traveling?",
            "options": [
                "Listening to street performers",
                "Attending concerts or gigs",
                "Visiting local music bars/clubs",
                "Participating in local music events/festivals",
                "Exploring music scenes in different neighborhoods",
                "Joining local music workshops or classes"
            ],
            "topics": [
                "Music",
                "Travel"
            ]
        },
        {
            "question": "Do you enjoy attending music-themed cruises or boat parties while traveling?",
            "options": [
                "Yes",
                "No"
            ],
            "topics": [
                "Music",
                "Travel"
            ]
        },
        {
            "question": "Which music festival in your country is worth traveling for?",
            "options": [
                "Ultra Music Festival (Miami, Florida)",
                "Splendour in the Grass (Byron Bay, Australia)",
                "Roskilde Festival (Roskilde, Denmark)",
                "South by Southwest (Austin, Texas)",
                "Sonar Festival (Barcelona, Spain)",
                "Reading and Leeds Festival (Reading and Leeds, England)"
            ],
            "topics": [
                "Music",
                "Travel"
            ]
        },
        {
            "question": "What is your preferred genre of music to listen to while exploring museums and art galleries?",
            "options": [
                "Classical",
                "Ambient",
                "Instrumental",
                "Electronic",
                "World Music",
                "Jazz"
            ],
            "topics": [
                "Music",
                "Travel"
            ]
        },
        {
            "question": "Do you enjoy attending music-related events or concerts in local parks while traveling?",
            "options": [
                "Yes",
                "No"
            ],
            "topics": [
                "Music",
                "Travel"
            ]
        },
        {
            "question": "Which city is known for its lively Latin music scene?",
            "options": [
                "Havana, Cuba",
                "Buenos Aires, Argentina",
                "Su00e3o Paulo, Brazil",
                "San Juan, Puerto Rico",
                "Mexico City, Mexico",
                "Barcelona, Spain"
            ],
            "topics": [
                "Music",
                "Travel"
            ]
        },
        {
            "question": "What is your preferred music genre to enhance your travel experience while on a train?",
            "options": [
                "Folk",
                "Country",
                "Indie/Alternative",
                "Classical",
                "Easy Listening",
                "World Music"
            ],
            "topics": [
                "Music",
                "Travel"
            ]
        },
        {
            "question": "Do you enjoy attending live music performances at historical venues while traveling?",
            "options": [
                "Yes",
                "No"
            ],
            "topics": [
                "Music",
                "Travel"
            ]
        },
        {
            "question": "Which city is known for its vibrant indie music scene?",
            "options": [
                "Seattle, Washington",
                "Manchester, England",
                "Portland, Oregon",
                "Melbourne, Australia",
                "Austin, Texas",
                "Reykjavik, Iceland"
            ],
            "topics": [
                "Music",
                "Travel"
            ]
        },
        {
            "question": "What is your preferred style of music to listen to while exploring ancient ruins or archaeological sites?",
            "options": [
                "World Music",
                "Ambient/Atmospheric",
                "Classical",
                "Ethnic/Folk",
                "Sacred/Chanting",
                "New Age"
            ],
            "topics": [
                "Music",
                "Travel"
            ]
        },
        {
            "question": "Do you enjoy attending music festivals in unique or non-traditional venues while traveling?",
            "options": [
                "Yes",
                "No"
            ],
            "topics": [
                "Music",
                "Travel"
            ]
        },
        {
            "question": "What is your preferred music genre to listen to while on a long-distance bus journey?",
            "options": [
                "Rock",
                "Pop",
                "Reggae",
                "Hip Hop",
                "R&B",
                "Alternative"
            ],
            "topics": [
                "Music",
                "Travel"
            ]
        },
        {
            "question": "Do you enjoy visiting music-themed parks or gardens while traveling?",
            "options": [
                "Yes",
                "No"
            ],
            "topics": [
                "Music",
                "Travel"
            ]
        }
    ]
}