{
    "Pets_Movies & TV shows": [
        {
            "question": "Which movie do you think accurately portrays the bond between pets and their owners?",
            "options": [
                "Old Yeller",
                "Marley & Me",
                "Lassie"
            ],
            "topics": [
                "Pets",
                "Movies & TV shows"
            ]
        },
        {
            "question": "What is your favorite dog breed featured in a movie or TV show?",
            "options": [
                "Golden Retriever",
                "German Shepherd",
                "Beagle"
            ],
            "topics": [
                "Pets",
                "Movies & TV shows"
            ]
        },
        {
            "question": "Which animated movie featuring pets do you find most heartwarming?",
            "options": [
                "The Secret Life of Pets",
                "Toy Story",
                "Lady and the Tramp"
            ],
            "topics": [
                "Pets",
                "Movies & TV shows"
            ]
        },
        {
            "question": "Would you prefer a movie about a talking cat or a talking dog?",
            "options": [
                "Talking cat",
                "Talking dog"
            ],
            "topics": [
                "Pets",
                "Movies & TV shows"
            ]
        },
        {
            "question": "Which pet would you like to see as the star of their own TV show?",
            "options": [
                "Rabbit",
                "Guinea Pig",
                "Hamster"
            ],
            "topics": [
                "Pets",
                "Movies & TV shows"
            ]
        },
        {
            "question": "Do you prefer movies about real animals or animated animals?",
            "options": [
                "Real animals",
                "Animated animals"
            ],
            "topics": [
                "Pets",
                "Movies & TV shows"
            ]
        },
        {
            "question": "If pets could attend movie premieres, which animal would be the best dressed?",
            "options": [
                "Dog",
                "Cat",
                "Parrot"
            ],
            "topics": [
                "Pets",
                "Movies & TV shows"
            ]
        },
        {
            "question": "Which movie accurately represents the challenges of pet ownership?",
            "options": [
                "The Adjustment Bureau",
                "Beethoven",
                "Homeward Bound"
            ],
            "topics": [
                "Pets",
                "Movies & TV shows"
            ]
        },
        {
            "question": "What type of movie or TV show featuring pets would you like to see more of?",
            "options": [
                "Action-packed adventures",
                "Heartwarming comedies",
                "Mysteries and thrillers"
            ],
            "topics": [
                "Pets",
                "Movies & TV shows"
            ]
        },
        {
            "question": "Which famous pet do you feel had the biggest impact on pop culture?",
            "options": [
                "Salem the cat (Sabrina the Teenage Witch)",
                "Toto (The Wizard of Oz)",
                "Snoopy (Peanuts)"
            ],
            "topics": [
                "Pets",
                "Movies & TV shows"
            ]
        },
        {
            "question": "Which movie or TV show accurately depicts the intelligence of pets?",
            "options": [
                "Babe",
                "The Secret Life of Pets",
                "Mr. Ed"
            ],
            "topics": [
                "Pets",
                "Movies & TV shows"
            ]
        },
        {
            "question": "Do you prefer movies with talking animals or movies with animals in their natural habitat?",
            "options": [
                "Talking animals",
                "Animals in their natural habitat"
            ],
            "topics": [
                "Pets",
                "Movies & TV shows"
            ]
        },
        {
            "question": "Which pet-themed TV show would you want to watch on a lazy Sunday afternoon?",
            "options": [
                "Friends (featuring Marcel the monkey)",
                "Full House (featuring Comet the dog)",
                "The Simpsons (featuring Santa's Little Helper)"
            ],
            "topics": [
                "Pets",
                "Movies & TV shows"
            ]
        },
        {
            "question": "Which movie or TV show depicts the strongest bond between a human and a non-traditional pet?",
            "options": [
                "Free Willy",
                "The Black Stallion",
                "Charlotte's Web"
            ],
            "topics": [
                "Pets",
                "Movies & TV shows"
            ]
        },
        {
            "question": "If your pet could watch one TV show, which genre would they enjoy the most?",
            "options": [
                "Reality TV",
                "Crime drama",
                "Sitcoms"
            ],
            "topics": [
                "Pets",
                "Movies & TV shows"
            ]
        },
        {
            "question": "Which TV show accurately represents the daily life of a pet owner?",
            "options": [
                "Modern Family",
                "The Big Bang Theory",
                "Parks and Recreation"
            ],
            "topics": [
                "Pets",
                "Movies & TV shows"
            ]
        },
        {
            "question": "Which movie best captures the emotions and loyalty of a pet towards their owner?",
            "options": [
                "Hachi: A Dog's Tale",
                "The Lion King",
                "The Incredible Journey"
            ],
            "topics": [
                "Pets",
                "Movies & TV shows"
            ]
        },
        {
            "question": "If your pet could have a cameo in a movie or TV show, which would you choose?",
            "options": [
                "Game of Thrones",
                "Harry Potter",
                "The Avengers"
            ],
            "topics": [
                "Pets",
                "Movies & TV shows"
            ]
        },
        {
            "question": "Which iconic pet from a TV show or movie would you want as your own?",
            "options": [
                "Scooby-Doo",
                "Garfield",
                "Dory (Finding Nemo)"
            ],
            "topics": [
                "Pets",
                "Movies & TV shows"
            ]
        },
        {
            "question": "Do you prefer movies or TV shows that feature wild animals or domesticated pets?",
            "options": [
                "Wild animals",
                "Domesticated pets"
            ],
            "topics": [
                "Pets",
                "Movies & TV shows"
            ]
        },
        {
            "question": "Which movie or TV show accurately portrays the challenges of owning a pet in an apartment?",
            "options": [
                "Stuart Little",
                "Friends (featuring Rachel's hairless cat)",
                "The Secret Life of Pets"
            ],
            "topics": [
                "Pets",
                "Movies & TV shows"
            ]
        },
        {
            "question": "If your pet could star in a reality TV show, which genre would it be?",
            "options": [
                "Cooking competition",
                "Travel adventure",
                "Dating show"
            ],
            "topics": [
                "Pets",
                "Movies & TV shows"
            ]
        },
        {
            "question": "Which TV show or movie featuring pets provides the most comedic moments?",
            "options": [
                "Ace Ventura: Pet Detective",
                "The Mask (featuring Milo the dog)",
                "Lady and the Tramp"
            ],
            "topics": [
                "Pets",
                "Movies & TV shows"
            ]
        },
        {
            "question": "If your pet could have a career in the entertainment industry, would they be an actor or a director?",
            "options": [
                "Actor",
                "Director"
            ],
            "topics": [
                "Pets",
                "Movies & TV shows"
            ]
        },
        {
            "question": "Which TV show or movie accurately represents the joy and happiness pets bring to our lives?",
            "options": [
                "Homeward Bound",
                "Marmaduke",
                "101 Dalmatians"
            ],
            "topics": [
                "Pets",
                "Movies & TV shows"
            ]
        },
        {
            "question": "Do you prefer movies that feature pets as main characters or supporting characters?",
            "options": [
                "Main characters",
                "Supporting characters"
            ],
            "topics": [
                "Pets",
                "Movies & TV shows"
            ]
        },
        {
            "question": "Which classic movie or TV show featuring pets would you introduce to a new generation?",
            "options": [
                "Lassie",
                "The Little Rascals (featuring Pete the Pup)",
                "Flipper"
            ],
            "topics": [
                "Pets",
                "Movies & TV shows"
            ]
        },
        {
            "question": "In a movie about a pet detective, would you prefer a dog or a cat as the detective?",
            "options": [
                "Dog",
                "Cat"
            ],
            "topics": [
                "Pets",
                "Movies & TV shows"
            ]
        },
        {
            "question": "Which movie or TV show accurately represents the loyalty of pets towards their owners?",
            "options": [
                "I Am Legend",
                "The Adventures of Milo and Otis",
                "The Incredible Journey"
            ],
            "topics": [
                "Pets",
                "Movies & TV shows"
            ]
        },
        {
            "question": "If you could have any famous movie or TV pet as your own, which would it be?",
            "options": [
                "Dug (Up)",
                "Toto (The Wizard of Oz)",
                "Snoopy (Peanuts)"
            ],
            "topics": [
                "Pets",
                "Movies & TV shows"
            ]
        },
        {
            "question": "Which movie or TV show accurately depicts the behavior and personality of cats?",
            "options": [
                "Garfield",
                "The Aristocats",
                "The Cat in the Hat"
            ],
            "topics": [
                "Pets",
                "Movies & TV shows"
            ]
        },
        {
            "question": "Do you prefer animated movies or live-action movies that feature animals as the main characters?",
            "options": [
                "Animated movies",
                "Live-action movies"
            ],
            "topics": [
                "Pets",
                "Movies & TV shows"
            ]
        },
        {
            "question": "Which TV show or movie provides the most heartwarming story of a lost pet finding its way back home?",
            "options": [
                "Homeward Bound",
                "Finding Nemo",
                "The Incredible Journey"
            ],
            "topics": [
                "Pets",
                "Movies & TV shows"
            ]
        },
        {
            "question": "If your pet could have a guest appearance on a TV talk show, which show would it be?",
            "options": [
                "The Ellen DeGeneres Show",
                "Late Night with Jimmy Fallon",
                "The Tonight Show Starring Jimmy Fallon"
            ],
            "topics": [
                "Pets",
                "Movies & TV shows"
            ]
        },
        {
            "question": "Which movie or TV show accurately represents the bravery and heroism of pets?",
            "options": [
                "The Secret Life of Pets 2",
                "Hachi: A Dog's Tale",
                "Balto"
            ],
            "topics": [
                "Pets",
                "Movies & TV shows"
            ]
        },
        {
            "question": "If your pet could have a movie night, which movie genre would they choose?",
            "options": [
                "Action",
                "Comedy",
                "Romance"
            ],
            "topics": [
                "Pets",
                "Movies & TV shows"
            ]
        },
        {
            "question": "Which movie or TV show accurately depicts the mischievousness and cleverness of pets?",
            "options": [
                "Cats & Dogs",
                "Tom and Jerry",
                "Beverly Hills Chihuahua"
            ],
            "topics": [
                "Pets",
                "Movies & TV shows"
            ]
        },
        {
            "question": "If your pet could reenact a famous movie scene, which one would it be?",
            "options": [
                "Titanic (the 'I'm flying' scene)",
                "The Lion King (the 'Circle of Life' scene)",
                "Casablanca (the 'Here's looking at you, kid' scene)"
            ],
            "topics": [
                "Pets",
                "Movies & TV shows"
            ]
        },
        {
            "question": "Which TV show or movie accurately represents the bond between a child and their pet?",
            "options": [
                "My Dog Skip",
                "Lilo & Stitch",
                "Flicka"
            ],
            "topics": [
                "Pets",
                "Movies & TV shows"
            ]
        },
        {
            "question": "Would you prefer a movie about a superhero pet or a time-traveling pet?",
            "options": [
                "Superhero pet",
                "Time-traveling pet"
            ],
            "topics": [
                "Pets",
                "Movies & TV shows"
            ]
        },
        {
            "question": "Which movie accurately portrays the intelligence and problem-solving skills of pets?",
            "options": [
                "Babe",
                "The Secret Life of Pets",
                "Beverly Hills Chihuahua"
            ],
            "topics": [
                "Pets",
                "Movies & TV shows"
            ]
        },
        {
            "question": "Do you prefer movies or TV shows that focus on a particular breed of pet or a mix of different breeds?",
            "options": [
                "Particular breed",
                "Mix of different breeds"
            ],
            "topics": [
                "Pets",
                "Movies & TV shows"
            ]
        },
        {
            "question": "Which famous movie or TV pet do you believe had the best acting skills?",
            "options": [
                "Lassie",
                "Air Bud",
                "Benji"
            ],
            "topics": [
                "Pets",
                "Movies & TV shows"
            ]
        },
        {
            "question": "If your pet could have a role in a comedy movie or TV show, would they be the funny sidekick or the lead comedian?",
            "options": [
                "Funny sidekick",
                "Lead comedian"
            ],
            "topics": [
                "Pets",
                "Movies & TV shows"
            ]
        },
        {
            "question": "Which movie or TV show accurately represents the dedication and sacrifices that pet owners make for their pets?",
            "options": [
                "Hachi: A Dog's Tale",
                "Marley & Me",
                "The Secret Life of Pets"
            ],
            "topics": [
                "Pets",
                "Movies & TV shows"
            ]
        },
        {
            "question": "If your pet could star in a superhero movie, what superpower would it have?",
            "options": [
                "Super speed",
                "Invisibility",
                "Telepathy"
            ],
            "topics": [
                "Pets",
                "Movies & TV shows"
            ]
        },
        {
            "question": "Do you prefer movies or TV shows that feature pets interacting with humans or with other animals?",
            "options": [
                "Pets interacting with humans",
                "Pets interacting with other animals"
            ],
            "topics": [
                "Pets",
                "Movies & TV shows"
            ]
        },
        {
            "question": "Which TV show or movie accurately represents the adventure and excitement of having a pet?",
            "options": [
                "The Secret Life of Pets",
                "Doraemon",
                "The Chronicles of Narnia"
            ],
            "topics": [
                "Pets",
                "Movies & TV shows"
            ]
        },
        {
            "question": "If your pet could be the star of a famous movie franchise, which one would it be?",
            "options": [
                "Harry Potter",
                "James Bond",
                "Star Wars"
            ],
            "topics": [
                "Pets",
                "Movies & TV shows"
            ]
        },
        {
            "question": "Which movie or TV show provides the most heartwrenching story of a pet and their owner being separated?",
            "options": [
                "Homeward Bound",
                "Lilo & Stitch",
                "The Fox and the Hound"
            ],
            "topics": [
                "Pets",
                "Movies & TV shows"
            ]
        },
        {
            "question": "Would you prefer a movie about pets discovering a hidden treasure or pets solving a mysterious crime?",
            "options": [
                "Discovering a hidden treasure",
                "Solving a mysterious crime"
            ],
            "topics": [
                "Pets",
                "Movies & TV shows"
            ]
        },
        {
            "question": "Which movie or TV show accurately represents the loyalty and dedication of a pet towards their owner?",
            "options": [
                "Hachi: A Dog's Tale",
                "The Secret Life of Pets",
                "The Incredible Journey"
            ],
            "topics": [
                "Pets",
                "Movies & TV shows"
            ]
        },
        {
            "question": "If your pet could have a role in a horror movie, would they be the lovable sidekick or the mysterious creature?",
            "options": [
                "Lovable sidekick",
                "Mysterious creature"
            ],
            "topics": [
                "Pets",
                "Movies & TV shows"
            ]
        },
        {
            "question": "Which famous pet from a movie or TV show would you want as a travel companion?",
            "options": [
                "Dug (Up)",
                "Salem the cat (Sabrina the Teenage Witch)",
                "Scooby-Doo"
            ],
            "topics": [
                "Pets",
                "Movies & TV shows"
            ]
        },
        {
            "question": "Do you prefer movies or TV shows that explore the historical relationship between humans and animals or focus on modern-day pet adventures?",
            "options": [
                "Historical relationship",
                "Modern-day pet adventures"
            ],
            "topics": [
                "Pets",
                "Movies & TV shows"
            ]
        },
        {
            "question": "Which TV show or movie accurately represents the intelligence and problem-solving abilities of dogs?",
            "options": [
                "Air Bud",
                "101 Dalmatians",
                "Pitbulls and Parolees"
            ],
            "topics": [
                "Pets",
                "Movies & TV shows"
            ]
        },
        {
            "question": "If your pet could attend a movie premiere, which movie would it be?",
            "options": [
                "The Secret Life of Pets",
                "The Lion King",
                "101 Dalmatians"
            ],
            "topics": [
                "Pets",
                "Movies & TV shows"
            ]
        },
        {
            "question": "Which movie or TV show accurately represents the loyalty and trust between a pet and their owner?",
            "options": [
                "Old Yeller",
                "The Adventures of Milo and Otis",
                "Homeward Bound"
            ],
            "topics": [
                "Pets",
                "Movies & TV shows"
            ]
        },
        {
            "question": "If your pet could have a role in a sports movie, would they be the star athlete or the team mascot?",
            "options": [
                "Star athlete",
                "Team mascot"
            ],
            "topics": [
                "Pets",
                "Movies & TV shows"
            ]
        },
        {
            "question": "Which animated movie or TV show accurately represents the quirks and personalities of different pet species?",
            "options": [
                "Zootopia",
                "The Secret Life of Pets",
                "Happy Feet"
            ],
            "topics": [
                "Pets",
                "Movies & TV shows"
            ]
        },
        {
            "question": "Do you prefer movies or TV shows that explore the emotional bond between pets and their owners or focus on their entertaining escapades?",
            "options": [
                "Exploring emotional bonds",
                "Entertaining escapades"
            ],
            "topics": [
                "Pets",
                "Movies & TV shows"
            ]
        },
        {
            "question": "Which TV show or movie accurately portrays the playful and mischievous nature of cats?",
            "options": [
                "Tom and Jerry",
                "Catwoman",
                "Aristocats"
            ],
            "topics": [
                "Pets",
                "Movies & TV shows"
            ]
        },
        {
            "question": "If your pet could have a role in a romantic comedy, would they be the lovable sidekick or the lead love interest?",
            "options": [
                "Lovable sidekick",
                "Lead love interest"
            ],
            "topics": [
                "Pets",
                "Movies & TV shows"
            ]
        },
        {
            "question": "Which famous pet from a TV show or movie would you want as your own sidekick?",
            "options": [
                "Chewbacca (Star Wars)",
                "Dobby the House Elf (Harry Potter)",
                "Su00e9bastian the crab (The Little Mermaid)"
            ],
            "topics": [
                "Pets",
                "Movies & TV shows"
            ]
        },
        {
            "question": "Would you prefer a movie about pets exploring outer space or pets solving a time-travel mystery?",
            "options": [
                "Exploring outer space",
                "Solving a time-travel mystery"
            ],
            "topics": [
                "Pets",
                "Movies & TV shows"
            ]
        },
        {
            "question": "Which TV show or movie accurately represents the loyalty and bravery of dogs?",
            "options": [
                "Balto",
                "Cujo",
                "Snow Dogs"
            ],
            "topics": [
                "Pets",
                "Movies & TV shows"
            ]
        }
    ]
}