{
    "Pets_Travel": [
        {
            "question": "Do you prefer traveling with your pet or leaving them at home?",
            "options": [
                "Traveling with my pet",
                "Leaving them at home"
            ],
            "topics": [
                "Pets",
                "Travel"
            ]
        },
        {
            "question": "What is your favorite pet-friendly travel destination?",
            "options": [
                "Beach",
                "Mountains",
                "City"
            ],
            "topics": [
                "Pets",
                "Travel"
            ]
        },
        {
            "question": "Which airline do you think is the most pet-friendly?",
            "options": [
                "Airline A",
                "Airline B",
                "Airline C"
            ],
            "topics": [
                "Pets",
                "Travel"
            ]
        },
        {
            "question": "What is your preferred mode of transportation when traveling with pets?",
            "options": [
                "Car",
                "Train",
                "Airplane"
            ],
            "topics": [
                "Pets",
                "Travel"
            ]
        },
        {
            "question": "How do you keep your pet comfortable while traveling?",
            "options": [
                "Pet carrier",
                "Pet stroller",
                "Travel crate"
            ],
            "topics": [
                "Pets",
                "Travel"
            ]
        },
        {
            "question": "Would you consider staying in pet-friendly accommodations during your travels?",
            "options": [
                "Yes",
                "No",
                "Depends on the circumstances"
            ],
            "topics": [
                "Pets",
                "Travel"
            ]
        },
        {
            "question": "Do you research pet-friendly attractions and activities before traveling with your pet?",
            "options": [
                "Always",
                "Sometimes",
                "Rarely"
            ],
            "topics": [
                "Pets",
                "Travel"
            ]
        },
        {
            "question": "What is your favorite type of travel companion?",
            "options": [
                "Dog",
                "Cat",
                "Other"
            ],
            "topics": [
                "Pets",
                "Travel"
            ]
        },
        {
            "question": "Have you ever taken your pet on a road trip?",
            "options": [
                "Yes",
                "No",
                "Planning to in the future"
            ],
            "topics": [
                "Pets",
                "Travel"
            ]
        },
        {
            "question": "How do you handle pet accommodation while traveling?",
            "options": [
                "Hotels with pet-friendly rooms",
                "Vacation rentals",
                "Staying with friends or family"
            ],
            "topics": [
                "Pets",
                "Travel"
            ]
        }
    ]
}