{
    "Politics_Science": [
        {
            "question": "Should government funding for scientific research be increased or decreased?",
            "options": [
                "Increased",
                "Decreased",
                "Remain the same"
            ],
            "topics": [
                "Politics",
                "Science"
            ]
        },
        {
            "question": "Do you believe in climate change?",
            "options": [
                "Yes",
                "No",
                "Not sure"
            ],
            "topics": [
                "Politics",
                "Science"
            ]
        },
        {
            "question": "Should genetically modified organisms (GMOs) be labeled on food products?",
            "options": [
                "Yes, mandatory labeling",
                "No, voluntary labeling",
                "No labeling required"
            ],
            "topics": [
                "Politics",
                "Science"
            ]
        },
        {
            "question": "Should governments invest more in renewable energy sources?",
            "options": [
                "Yes",
                "No",
                "Undecided"
            ],
            "topics": [
                "Politics",
                "Science"
            ]
        },
        {
            "question": "Do you support the use of nuclear energy as a clean energy alternative?",
            "options": [
                "Yes",
                "No",
                "Not sure"
            ],
            "topics": [
                "Politics",
                "Science"
            ]
        },
        {
            "question": "Should the government fund space exploration missions?",
            "options": [
                "Yes",
                "No",
                "Undecided"
            ],
            "topics": [
                "Politics",
                "Science"
            ]
        },
        {
            "question": "Do you believe in the theory of evolution?",
            "options": [
                "Yes",
                "No",
                "Not sure"
            ],
            "topics": [
                "Politics",
                "Science"
            ]
        },
        {
            "question": "Should government regulate the use of artificial intelligence (AI) and machine learning?",
            "options": [
                "Yes, strict regulations",
                "Yes, but with limited regulations",
                "No, minimal regulations",
                "No regulations"
            ],
            "topics": [
                "Politics",
                "Science"
            ]
        },
        {
            "question": "Should governments invest more in space exploration or healthcare research?",
            "options": [
                "Space exploration",
                "Healthcare research",
                "Equal investment in both"
            ],
            "topics": [
                "Politics",
                "Science"
            ]
        },
        {
            "question": "Do you support the use of genetically modified (GM) crops in agriculture?",
            "options": [
                "Yes",
                "No",
                "Depends on the specific crops"
            ],
            "topics": [
                "Politics",
                "Science"
            ]
        },
        {
            "question": "Should government regulate the development and use of advanced genetic engineering technologies?",
            "options": [
                "Yes, with strict regulations",
                "Yes, but with limited regulations",
                "No, minimal regulations",
                "No regulations"
            ],
            "topics": [
                "Politics",
                "Science"
            ]
        },
        {
            "question": "Do you support the use of nuclear power plants for electricity generation?",
            "options": [
                "Yes",
                "No",
                "Not sure"
            ],
            "topics": [
                "Politics",
                "Science"
            ]
        },
        {
            "question": "Should government invest more in space exploration or climate change mitigation?",
            "options": [
                "Space exploration",
                "Climate change mitigation",
                "Equal investment in both"
            ],
            "topics": [
                "Politics",
                "Science"
            ]
        },
        {
            "question": "Do you believe in the legalization of marijuana for medicinal purposes?",
            "options": [
                "Yes",
                "No",
                "Not sure"
            ],
            "topics": [
                "Politics",
                "Science"
            ]
        },
        {
            "question": "Should government regulate the development and use of artificial general intelligence (AGI)?",
            "options": [
                "Yes, with strict regulations",
                "Yes, but with limited regulations",
                "No, minimal regulations",
                "No regulations"
            ],
            "topics": [
                "Politics",
                "Science"
            ]
        },
        {
            "question": "Do you support the use of stem cell research for medical purposes?",
            "options": [
                "Yes",
                "No",
                "Depends on the specific research"
            ],
            "topics": [
                "Politics",
                "Science"
            ]
        },
        {
            "question": "Should governments invest more in space exploration or poverty alleviation programs?",
            "options": [
                "Space exploration",
                "Poverty alleviation programs",
                "Equal investment in both"
            ],
            "topics": [
                "Politics",
                "Science"
            ]
        },
        {
            "question": "Do you believe in the benefits of vaccination?",
            "options": [
                "Yes",
                "No",
                "Not sure"
            ],
            "topics": [
                "Politics",
                "Science"
            ]
        },
        {
            "question": "Should government regulate the use of autonomous vehicles?",
            "options": [
                "Yes, with strict regulations",
                "Yes, but with limited regulations",
                "No, minimal regulations",
                "No regulations"
            ],
            "topics": [
                "Politics",
                "Science"
            ]
        },
        {
            "question": "Do you support the use of animal testing in scientific research?",
            "options": [
                "Yes",
                "No",
                "Depends on the specific research"
            ],
            "topics": [
                "Politics",
                "Science"
            ]
        },
        {
            "question": "Should governments invest more in space exploration or education?",
            "options": [
                "Space exploration",
                "Education",
                "Equal investment in both"
            ],
            "topics": [
                "Politics",
                "Science"
            ]
        },
        {
            "question": "Do you believe in the use of genetically modified mosquitoes to control disease spread?",
            "options": [
                "Yes",
                "No",
                "Not sure"
            ],
            "topics": [
                "Politics",
                "Science"
            ]
        },
        {
            "question": "Should government regulate the development and use of facial recognition technology?",
            "options": [
                "Yes, with strict regulations",
                "Yes, but with limited regulations",
                "No, minimal regulations",
                "No regulations"
            ],
            "topics": [
                "Politics",
                "Science"
            ]
        },
        {
            "question": "Do you support the use of animal cloning for various purposes?",
            "options": [
                "Yes",
                "No",
                "Depends on the specific purposes"
            ],
            "topics": [
                "Politics",
                "Science"
            ]
        },
        {
            "question": "Should governments invest more in space exploration or infrastructure development?",
            "options": [
                "Space exploration",
                "Infrastructure development",
                "Equal investment in both"
            ],
            "topics": [
                "Politics",
                "Science"
            ]
        },
        {
            "question": "Do you believe in the use of geoengineering to combat climate change?",
            "options": [
                "Yes",
                "No",
                "Not sure"
            ],
            "topics": [
                "Politics",
                "Science"
            ]
        },
        {
            "question": "Should government regulate the development and use of autonomous drones?",
            "options": [
                "Yes, with strict regulations",
                "Yes, but with limited regulations",
                "No, minimal regulations",
                "No regulations"
            ],
            "topics": [
                "Politics",
                "Science"
            ]
        },
        {
            "question": "Do you support the use of nanotechnology in various industries?",
            "options": [
                "Yes",
                "No",
                "Depends on the specific industries"
            ],
            "topics": [
                "Politics",
                "Science"
            ]
        },
        {
            "question": "Should governments invest more in space exploration or public transportation systems?",
            "options": [
                "Space exploration",
                "Public transportation systems",
                "Equal investment in both"
            ],
            "topics": [
                "Politics",
                "Science"
            ]
        },
        {
            "question": "Do you believe in the benefits of alternative medicine practices?",
            "options": [
                "Yes",
                "No",
                "Not sure"
            ],
            "topics": [
                "Politics",
                "Science"
            ]
        },
        {
            "question": "Should government regulate the development and use of 3D printing technology?",
            "options": [
                "Yes, with strict regulations",
                "Yes, but with limited regulations",
                "No, minimal regulations",
                "No regulations"
            ],
            "topics": [
                "Politics",
                "Science"
            ]
        },
        {
            "question": "Do you support the use of nuclear weapons as a deterrent?",
            "options": [
                "Yes",
                "No",
                "Not sure"
            ],
            "topics": [
                "Politics",
                "Science"
            ]
        },
        {
            "question": "Should governments invest more in space exploration or healthcare infrastructure?",
            "options": [
                "Space exploration",
                "Healthcare infrastructure",
                "Equal investment in both"
            ],
            "topics": [
                "Politics",
                "Science"
            ]
        },
        {
            "question": "Do you believe in the benefits of mindfulness and meditation practices?",
            "options": [
                "Yes",
                "No",
                "Not sure"
            ],
            "topics": [
                "Politics",
                "Science"
            ]
        },
        {
            "question": "Should government regulate the development and use of CRISPR gene editing technology?",
            "options": [
                "Yes, with strict regulations",
                "Yes, but with limited regulations",
                "No, minimal regulations",
                "No regulations"
            ],
            "topics": [
                "Politics",
                "Science"
            ]
        },
        {
            "question": "Do you support the use of renewable energy subsidies?",
            "options": [
                "Yes",
                "No",
                "Depends on the specific subsidies"
            ],
            "topics": [
                "Politics",
                "Science"
            ]
        },
        {
            "question": "Should governments invest more in space exploration or poverty alleviation programs?",
            "options": [
                "Space exploration",
                "Poverty alleviation programs",
                "Equal investment in both"
            ],
            "topics": [
                "Politics",
                "Science"
            ]
        },
        {
            "question": "Do you believe in the safety of genetically modified organisms (GMOs) for consumption?",
            "options": [
                "Yes",
                "No",
                "Not sure"
            ],
            "topics": [
                "Politics",
                "Science"
            ]
        },
        {
            "question": "Should government regulate the use of 5G technology?",
            "options": [
                "Yes, with strict regulations",
                "Yes, but with limited regulations",
                "No, minimal regulations",
                "No regulations"
            ],
            "topics": [
                "Politics",
                "Science"
            ]
        },
        {
            "question": "Do you support the use of human embryonic stem cells in scientific research?",
            "options": [
                "Yes",
                "No",
                "Depends on the specific research"
            ],
            "topics": [
                "Politics",
                "Science"
            ]
        },
        {
            "question": "Should governments invest more in space exploration or environmental conservation efforts?",
            "options": [
                "Space exploration",
                "Environmental conservation efforts",
                "Equal investment in both"
            ],
            "topics": [
                "Politics",
                "Science"
            ]
        },
        {
            "question": "Do you believe in the effectiveness of traditional medicine practices?",
            "options": [
                "Yes",
                "No",
                "Not sure"
            ],
            "topics": [
                "Politics",
                "Science"
            ]
        }
    ]
}