{
    "Politics_Activity": [
        {
            "question": "Which exercise routine do you believe would be most effective for managing stress?",
            "options": [
                "Yoga",
                "Running",
                "Weightlifting"
            ],
            "topics": [
                "Politics",
                "Activity"
            ]
        },
        {
            "question": "How do you think political activism can be incorporated into daily activities?",
            "options": [
                "Attending protests and rallies",
                "Volunteering for political campaigns",
                "Supporting local businesses"
            ],
            "topics": [
                "Politics",
                "Activity"
            ]
        },
        {
            "question": "Which political figure inspires you to actively participate in community service?",
            "options": [
                "Nelson Mandela",
                "Malala Yousafzai",
                "Jacinda Ardern"
            ],
            "topics": [
                "Politics",
                "Activity"
            ]
        },
        {
            "question": "What workout routine do you think is best suited for politicians with busy schedules?",
            "options": [
                "High-intensity interval training (HIIT)",
                "Pilates",
                "Cycling"
            ],
            "topics": [
                "Politics",
                "Activity"
            ]
        },
        {
            "question": "Which physical activity do you believe is most effective for fostering political discussions?",
            "options": [
                "Group hiking",
                "Rock climbing",
                "Outdoor team sports"
            ],
            "topics": [
                "Politics",
                "Activity"
            ]
        },
        {
            "question": "Which outdoor activity do you think promotes environmental awareness and political engagement?",
            "options": [
                "Beach cleanups",
                "Tree planting",
                "Nature trail maintenance"
            ],
            "topics": [
                "Politics",
                "Activity"
            ]
        },
        {
            "question": "How important do you think physical activity is for political leaders to maintain mental and emotional well-being?",
            "options": [
                "Extremely important",
                "Moderately important",
                "Not very important"
            ],
            "topics": [
                "Politics",
                "Activity"
            ]
        },
        {
            "question": "Which type of physical activity do you think can effectively foster bipartisanship among politicians?",
            "options": [
                "Group yoga sessions",
                "Relay racing",
                "Tandem cycling"
            ],
            "topics": [
                "Politics",
                "Activity"
            ]
        },
        {
            "question": "Which form of exercise do you think can enhance political negotiation skills?",
            "options": [
                "Mindful meditation",
                "Kickboxing",
                "Dancing"
            ],
            "topics": [
                "Politics",
                "Activity"
            ]
        },
        {
            "question": "How do you believe physical activity can positively influence political decision-making and policy creation?",
            "options": [
                "Promoting mental clarity",
                "Enhancing collaboration skills",
                "Boosting overall well-being"
            ],
            "topics": [
                "Politics",
                "Activity"
            ]
        },
        {
            "question": "Which physical activity best complements attending political debates and town hall meetings?",
            "options": [
                "Walking or jogging",
                "Yoga or stretching",
                "Pilates or tai chi"
            ],
            "topics": [
                "Politics",
                "Activity"
            ]
        },
        {
            "question": "How often do you engage in physical activities that focus on promoting political awareness?",
            "options": [
                "Daily",
                "Weekly",
                "Monthly"
            ],
            "topics": [
                "Politics",
                "Activity"
            ]
        },
        {
            "question": "Which physical activity, in your opinion, is most conducive to generating innovative political ideas?",
            "options": [
                "Swimming",
                "Cycling",
                "Hiking"
            ],
            "topics": [
                "Politics",
                "Activity"
            ]
        },
        {
            "question": "How do you think consistent engagement in physical activities can positively impact political discourse?",
            "options": [
                "Encouraging empathy",
                "Fostering teamwork",
                "Promoting mutual respect"
            ],
            "topics": [
                "Politics",
                "Activity"
            ]
        },
        {
            "question": "Which physical activity is most suitable for networking and building political connections?",
            "options": [
                "Golf",
                "Tennis",
                "Squash"
            ],
            "topics": [
                "Politics",
                "Activity"
            ]
        },
        {
            "question": "How do you believe physical exercise can contribute to combating political apathy?",
            "options": [
                "Boosting energy levels",
                "Increasing motivation",
                "Improving emotional well-being"
            ],
            "topics": [
                "Politics",
                "Activity"
            ]
        },
        {
            "question": "Which physical activity do you think can help politicians cultivate strong leadership qualities?",
            "options": [
                "Horseback riding",
                "Martial arts",
                "CrossFit"
            ],
            "topics": [
                "Politics",
                "Activity"
            ]
        },
        {
            "question": "How important is it for political leaders to actively participate in physical activities to connect with their constituents?",
            "options": [
                "Very important",
                "Somewhat important",
                "Not necessary"
            ],
            "topics": [
                "Politics",
                "Activity"
            ]
        },
        {
            "question": "Which physical activity do you believe encourages politicians to embrace a balanced lifestyle?",
            "options": [
                "Yoga",
                "Pilates",
                "Tai chi"
            ],
            "topics": [
                "Politics",
                "Activity"
            ]
        },
        {
            "question": "How can physical activities contribute to bridging political divides and fostering understanding?",
            "options": [
                "Promoting active listening",
                "Creating shared experiences",
                "Building empathy"
            ],
            "topics": [
                "Politics",
                "Activity"
            ]
        },
        {
            "question": "Which type of physical activity would you recommend for politicians during campaign seasons?",
            "options": [
                "Daily walks",
                "Group fitness classes",
                "Meditation retreats"
            ],
            "topics": [
                "Politics",
                "Activity"
            ]
        },
        {
            "question": "How do you think physical activities can influence the public's perception of politicians?",
            "options": [
                "Portraying discipline and commitment",
                "Humanizing politicians",
                "Building trust and credibility"
            ],
            "topics": [
                "Politics",
                "Activity"
            ]
        },
        {
            "question": "Which physical activity do you think encourages politicians to prioritize self-care?",
            "options": [
                "Running",
                "Hiking",
                "Yoga"
            ],
            "topics": [
                "Politics",
                "Activity"
            ]
        },
        {
            "question": "How do you believe physical exercise can contribute to politicians effectively managing their stress levels?",
            "options": [
                "Releasing endorphins",
                "Improving sleep quality",
                "Reducing anxiety"
            ],
            "topics": [
                "Politics",
                "Activity"
            ]
        },
        {
            "question": "Which physical activity would you recommend for politicians to enhance their public speaking skills?",
            "options": [
                "Drama classes",
                "Improvisation workshops",
                "Breathwork exercises"
            ],
            "topics": [
                "Politics",
                "Activity"
            ]
        },
        {
            "question": "How do you think physical activities can influence politicians to prioritize grassroots community engagement?",
            "options": [
                "Building connections with constituents",
                "Addressing local concerns",
                "Encouraging civic participation"
            ],
            "topics": [
                "Politics",
                "Activity"
            ]
        },
        {
            "question": "Which physical activity do you believe can inspire politicians to take action on climate change?",
            "options": [
                "Kayaking or paddleboarding",
                "Planting trees",
                "Joining environmental protests"
            ],
            "topics": [
                "Politics",
                "Activity"
            ]
        },
        {
            "question": "How important is it for politicians to lead by example and actively participate in physical activities?",
            "options": [
                "Very important",
                "Somewhat important",
                "Not necessary"
            ],
            "topics": [
                "Politics",
                "Activity"
            ]
        },
        {
            "question": "Which type of physical activity encourages politicians to practice patience and perseverance?",
            "options": [
                "Long-distance running",
                "Yoga or meditation",
                "Cycling or swimming"
            ],
            "topics": [
                "Politics",
                "Activity"
            ]
        },
        {
            "question": "How do you believe physical exercise can contribute to politicians' ability to handle high-pressure situations?",
            "options": [
                "Improving focus and concentration",
                "Enhancing problem-solving skills",
                "Reducing stress and tension"
            ],
            "topics": [
                "Politics",
                "Activity"
            ]
        },
        {
            "question": "Which physical activity do you think promotes collaboration and teamwork among politicians?",
            "options": [
                "Group dancing",
                "Team sports",
                "Obstacle course challenges"
            ],
            "topics": [
                "Politics",
                "Activity"
            ]
        },
        {
            "question": "How do you think physical activities can inspire politicians to prioritize inclusivity and diversity?",
            "options": [
                "Participating in cultural celebrations",
                "Supporting minority-owned businesses",
                "Engaging in community dialogues"
            ],
            "topics": [
                "Politics",
                "Activity"
            ]
        },
        {
            "question": "Which physical activity would you recommend for politicians to enhance their creativity and critical thinking skills?",
            "options": [
                "Painting or drawing",
                "Brainstorming hikes",
                "Creative writing sessions"
            ],
            "topics": [
                "Politics",
                "Activity"
            ]
        },
        {
            "question": "How do you believe physical activities can contribute to politicians' ability to adapt to changing circumstances?",
            "options": [
                "Improving flexibility and agility",
                "Building resilience and determination",
                "Enhancing decision-making abilities"
            ],
            "topics": [
                "Politics",
                "Activity"
            ]
        },
        {
            "question": "Which type of physical activity can best enable politicians to connect with younger generations?",
            "options": [
                "Skateboarding or rollerblading",
                "Dance workouts",
                "E-sports or gaming"
            ],
            "topics": [
                "Politics",
                "Activity"
            ]
        },
        {
            "question": "How important do you think physical exercise is for politicians to maintain a healthy work-life balance?",
            "options": [
                "Extremely important",
                "Moderately important",
                "Not very important"
            ],
            "topics": [
                "Politics",
                "Activity"
            ]
        },
        {
            "question": "Which physical activity do you believe encourages politicians to actively listen to their constituents' concerns?",
            "options": [
                "Hiking or nature walks",
                "Community bike rides",
                "Town hall fitness events"
            ],
            "topics": [
                "Politics",
                "Activity"
            ]
        },
        {
            "question": "How do you think physical activities can contribute to politicians' ability to handle public scrutiny?",
            "options": [
                "Building self-confidence",
                "Enhancing media communication skills",
                "Promoting emotional resilience"
            ],
            "topics": [
                "Politics",
                "Activity"
            ]
        },
        {
            "question": "Which physical activity do you think inspires politicians to champion public health initiatives?",
            "options": [
                "Joining charity runs or marathons",
                "Organizing health fairs",
                "Supporting fitness education programs"
            ],
            "topics": [
                "Politics",
                "Activity"
            ]
        },
        {
            "question": "How can physical activities contribute to politicians' ability to build trust and credibility with their constituents?",
            "options": [
                "Engaging in sports diplomacy",
                "Participating in charity events",
                "Joining community fitness challenges"
            ],
            "topics": [
                "Politics",
                "Activity"
            ]
        },
        {
            "question": "Which physical activity would you recommend for politicians to enhance their negotiation and conflict resolution skills?",
            "options": [
                "Boxing or martial arts",
                "Team-building exercises",
                "Outdoor survival training"
            ],
            "topics": [
                "Politics",
                "Activity"
            ]
        },
        {
            "question": "How do you believe physical activities can influence politicians to prioritize sustainable development and green initiatives?",
            "options": [
                "Supporting renewable energy initiatives",
                "Encouraging eco-friendly transportation",
                "Practicing outdoor team-building activities"
            ],
            "topics": [
                "Politics",
                "Activity"
            ]
        },
        {
            "question": "Which physical activity do you think can inspire politicians to prioritize mental health and well-being?",
            "options": [
                "Meditation or mindfulness practices",
                "Group therapy sessions",
                "Art classes or creative outlets"
            ],
            "topics": [
                "Politics",
                "Activity"
            ]
        },
        {
            "question": "How do you think physical activities can contribute to politicians' ability to address societal inequities?",
            "options": [
                "Promoting equality in sports and recreation",
                "Supporting access to affordable healthcare",
                "Advocating for social justice through physical challenges"
            ],
            "topics": [
                "Politics",
                "Activity"
            ]
        },
        {
            "question": "Which type of physical activity would you recommend for politicians to enhance their public relations and communication skills?",
            "options": [
                "Improvisational theater",
                "Debate training",
                "Public speaking classes"
            ],
            "topics": [
                "Politics",
                "Activity"
            ]
        },
        {
            "question": "How important do you think physical exercise is for politicians to establish trust and transparency with their constituents?",
            "options": [
                "Very important",
                "Somewhat important",
                "Not necessary"
            ],
            "topics": [
                "Politics",
                "Activity"
            ]
        },
        {
            "question": "Which physical activity do you believe can inspire politicians to address the needs of marginalized communities?",
            "options": [
                "Volunteering at homeless shelters",
                "Organizing food drives",
                "Participating in community garden projects"
            ],
            "topics": [
                "Politics",
                "Activity"
            ]
        },
        {
            "question": "How do you think physical activities can contribute to politicians' ability to promote gender equality and women's empowerment?",
            "options": [
                "Supporting female sports leagues",
                "Championing initiatives for equal pay",
                "Participating in women's rights marches"
            ],
            "topics": [
                "Politics",
                "Activity"
            ]
        },
        {
            "question": "Which physical activity would you recommend for politicians to enhance their ability to collaborate with international partners?",
            "options": [
                "Diplomatic golf games",
                "Joint environmental protection initiatives",
                "Participating in sports diplomacy events"
            ],
            "topics": [
                "Politics",
                "Activity"
            ]
        },
        {
            "question": "How do you believe physical activities can contribute to politicians' ability to create inclusive policies and legislation?",
            "options": [
                "Promoting accessibility in sports and recreational facilities",
                "Supporting initiatives for disabled athletes",
                "Organizing adaptive sports events"
            ],
            "topics": [
                "Politics",
                "Activity"
            ]
        },
        {
            "question": "Which type of physical activity can best enable politicians to connect with diverse cultural communities?",
            "options": [
                "Participating in cultural dances",
                "Joining multicultural sports leagues",
                "Attending diverse fitness classes"
            ],
            "topics": [
                "Politics",
                "Activity"
            ]
        },
        {
            "question": "How important do you think physical exercise is for politicians to maintain a resilient mindset?",
            "options": [
                "Extremely important",
                "Moderately important",
                "Not very important"
            ],
            "topics": [
                "Politics",
                "Activity"
            ]
        },
        {
            "question": "Which physical activity do you believe encourages politicians to actively engage with youth in their communities?",
            "options": [
                "Youth sports coaching",
                "Youth mentorship programs",
                "Organizing youth fitness challenges"
            ],
            "topics": [
                "Politics",
                "Activity"
            ]
        },
        {
            "question": "How do you think physical activities can contribute to politicians' ability to address systemic racism and social inequalities?",
            "options": [
                "Promoting diversity in sports leadership",
                "Supporting initiatives for affordable housing",
                "Participating in equality walks or runs"
            ],
            "topics": [
                "Politics",
                "Activity"
            ]
        },
        {
            "question": "Which physical activity would you recommend for politicians to enhance their ability to adapt to technological advancements?",
            "options": [
                "Virtual reality workouts",
                "Participating in digital fitness challenges",
                "Smart fitness device integration"
            ],
            "topics": [
                "Politics",
                "Activity"
            ]
        },
        {
            "question": "How do you believe physical activities can contribute to politicians' ability to address public health crises?",
            "options": [
                "Promoting health education campaigns",
                "Supporting mental health resources",
                "Organizing fitness fundraisers for medical research"
            ],
            "topics": [
                "Politics",
                "Activity"
            ]
        },
        {
            "question": "Which physical activity do you think can inspire politicians to prioritize education and youth development?",
            "options": [
                "Collaborative school sports programs",
                "Supporting extracurricular activities",
                "Organizing educational fitness challenges"
            ],
            "topics": [
                "Politics",
                "Activity"
            ]
        },
        {
            "question": "How important do you think physical exercise is for politicians to maintain a balanced perspective in decision-making?",
            "options": [
                "Very important",
                "Somewhat important",
                "Not necessary"
            ],
            "topics": [
                "Politics",
                "Activity"
            ]
        },
        {
            "question": "Which physical activity do you believe encourages politicians to actively support the arts and cultural preservation?",
            "options": [
                "Participating in art workshops",
                "Organizing cultural festivals",
                "Promoting community theater"
            ],
            "topics": [
                "Politics",
                "Activity"
            ]
        },
        {
            "question": "How do you think physical activities can contribute to politicians' ability to address income inequality and economic disparities?",
            "options": [
                "Supporting affordable sports programs",
                "Advocating for fair wage policies",
                "Organizing charity cycles for economic empowerment"
            ],
            "topics": [
                "Politics",
                "Activity"
            ]
        },
        {
            "question": "Which type of physical activity can best enable politicians to connect with elderly populations?",
            "options": [
                "Senior fitness classes",
                "Walking or hiking groups",
                "Creating accessible outdoor spaces"
            ],
            "topics": [
                "Politics",
                "Activity"
            ]
        },
        {
            "question": "How do you believe physical activities can contribute to politicians' ability to address digital divide issues?",
            "options": [
                "Supporting technology access initiatives",
                "Promoting STEM education through physical activities",
                "Organizing digital fitness challenges"
            ],
            "topics": [
                "Politics",
                "Activity"
            ]
        },
        {
            "question": "Which physical activity would you recommend for politicians to enhance their ability to connect with rural communities?",
            "options": [
                "Farmers' market workouts",
                "Rural running or cycling events",
                "Engaging in local outdoor sports"
            ],
            "topics": [
                "Politics",
                "Activity"
            ]
        },
        {
            "question": "How important do you think physical exercise is for politicians to maintain an empathetic approach in their leadership?",
            "options": [
                "Extremely important",
                "Moderately important",
                "Not very important"
            ],
            "topics": [
                "Politics",
                "Activity"
            ]
        },
        {
            "question": "Which physical activity do you believe encourages politicians to actively engage in technology and innovation policy discussions?",
            "options": [
                "Attending tech conferences",
                "Participating in tech-oriented challenges",
                "Promoting coding and robotics programs"
            ],
            "topics": [
                "Politics",
                "Activity"
            ]
        },
        {
            "question": "How do you think physical activities can contribute to politicians' ability to address public safety concerns?",
            "options": [
                "Supporting community policing initiatives",
                "Organizing self-defense workshops",
                "Advocating for safer parks and recreational areas"
            ],
            "topics": [
                "Politics",
                "Activity"
            ]
        },
        {
            "question": "Which physical activity would you recommend for politicians to enhance their ability to address healthcare disparities?",
            "options": [
                "Healthcare charity runs",
                "Organizing medical outreach events",
                "Supporting accessible fitness and wellness programs"
            ],
            "topics": [
                "Politics",
                "Activity"
            ]
        },
        {
            "question": "How do you believe physical activities can contribute to politicians' ability to address immigration and refugee integration?",
            "options": [
                "Creating inclusive sports leagues",
                "Supporting cultural exchange programs",
                "Organizing community fitness challenges"
            ],
            "topics": [
                "Politics",
                "Activity"
            ]
        },
        {
            "question": "Which physical activity do you think can inspire politicians to prioritize infrastructure improvements and urban planning?",
            "options": [
                "Biking or walking tours",
                "Promoting green"
            ],
            "topics": [
                "Politics",
                "Activity"
            ]
        }
    ]
}