{
    "Science_Activity": [
        {
            "question": "What is your favorite outdoor activity to relax and connect with nature?",
            "options": [
                "Hiking",
                "Camping",
                "Fishing"
            ],
            "topics": [
                "Science",
                "Activity"
            ]
        },
        {
            "question": "When it comes to fitness, what type of exercise do you find most effective for weight loss?",
            "options": [
                "Running",
                "Cycling",
                "Swimming"
            ],
            "topics": [
                "Science",
                "Activity"
            ]
        },
        {
            "question": "Which branch of science fascinates you the most?",
            "options": [
                "Physics",
                "Biology",
                "Chemistry"
            ],
            "topics": [
                "Science",
                "Activity"
            ]
        },
        {
            "question": "What is your preferred method of measuring time during physical activities?",
            "options": [
                "Stopwatch",
                "Fitness tracker",
                "Phone timer"
            ],
            "topics": [
                "Science",
                "Activity"
            ]
        },
        {
            "question": "Which is your favorite form of interactive science activity?",
            "options": [
                "Experimenting in a lab",
                "Participating in simulations",
                "Building models"
            ],
            "topics": [
                "Science",
                "Activity"
            ]
        },
        {
            "question": "Which physical activity do you find most beneficial for mental clarity and focus?",
            "options": [
                "Yoga",
                "Meditation",
                "Tai Chi"
            ],
            "topics": [
                "Science",
                "Activity"
            ]
        },
        {
            "question": "What is your favorite way to incorporate technology in your workouts?",
            "options": [
                "Fitness apps",
                "Smartwatches",
                "Wireless earphones"
            ],
            "topics": [
                "Science",
                "Activity"
            ]
        },
        {
            "question": "What is your go-to activity to learn something new about the natural world?",
            "options": [
                "Nature walks",
                "Bird watching",
                "Stargazing"
            ],
            "topics": [
                "Science",
                "Activity"
            ]
        },
        {
            "question": "Which scientific concept do you find most intriguing in relation to physical fitness?",
            "options": [
                "Muscle hypertrophy",
                "Metabolism & energy expenditure",
                "Neuroplasticity"
            ],
            "topics": [
                "Science",
                "Activity"
            ]
        },
        {
            "question": "What type of exercise do you enjoy the most during the colder months?",
            "options": [
                "Skiing",
                "Ice skating",
                "Indoor swimming"
            ],
            "topics": [
                "Science",
                "Activity"
            ]
        },
        {
            "question": "Which technological advancement has revolutionized your physical activity routine?",
            "options": [
                "Fitness trackers",
                "Virtual reality workouts",
                "Smart home gym equipment"
            ],
            "topics": [
                "Science",
                "Activity"
            ]
        },
        {
            "question": "What is your preferred way of staying active while traveling?",
            "options": [
                "Walking tours",
                "Cycling tours",
                "Yoga retreats"
            ],
            "topics": [
                "Science",
                "Activity"
            ]
        },
        {
            "question": "When it comes to outdoor activities, which element of nature do you find most interesting?",
            "options": [
                "Water",
                "Trees & plants",
                "Mountain landscapes"
            ],
            "topics": [
                "Science",
                "Activity"
            ]
        },
        {
            "question": "What is your favorite physical activity to do with friends or family?",
            "options": [
                "Playing team sports",
                "Going on hikes",
                "Having dance parties"
            ],
            "topics": [
                "Science",
                "Activity"
            ]
        },
        {
            "question": "Which scientific discovery or invention has had the biggest impact on the way you stay fit?",
            "options": [
                "Understanding of DNA & genetics",
                "Development of fitness equipment",
                "Discoveries in nutrition science"
            ],
            "topics": [
                "Science",
                "Activity"
            ]
        },
        {
            "question": "What is your preferred method of tracking progress in your fitness journey?",
            "options": [
                "Body measurements",
                "Weight scale",
                "Fitness app data"
            ],
            "topics": [
                "Science",
                "Activity"
            ]
        },
        {
            "question": "When it comes to physical activities, which do you find most rewarding emotionally?",
            "options": [
                "Dancing",
                "Rock climbing",
                "Martial arts"
            ],
            "topics": [
                "Science",
                "Activity"
            ]
        },
        {
            "question": "What type of scientific experiment or study would you like to participate in that involves physical activity?",
            "options": [
                "Study on the effects of exercise on sleep quality",
                "Experiment on the impact of music on athletic performance",
                "Research on the benefits of mindfulness during workouts"
            ],
            "topics": [
                "Science",
                "Activity"
            ]
        },
        {
            "question": "Which natural phenomenon or process do you find most fascinating from a scientific perspective?",
            "options": [
                "Photosynthesis",
                "Volcanic eruptions",
                "Cellular respiration"
            ],
            "topics": [
                "Science",
                "Activity"
            ]
        },
        {
            "question": "What is your preferred way to incorporate science into your leisure activities?",
            "options": [
                "Reading science fiction books",
                "Watching science documentaries",
                "Attending science-themed events"
            ],
            "topics": [
                "Science",
                "Activity"
            ]
        },
        {
            "question": "When it comes to scientific research related to physical activity, which area do you find most important?",
            "options": [
                "Preventing sports injuries",
                "Understanding exercise physiology",
                "Developing evidence-based training programs"
            ],
            "topics": [
                "Science",
                "Activity"
            ]
        },
        {
            "question": "Which physical activity do you find most beneficial for reducing stress and promoting relaxation?",
            "options": [
                "Yoga",
                "Swimming",
                "Aerobics"
            ],
            "topics": [
                "Science",
                "Activity"
            ]
        },
        {
            "question": "What is your favorite way to learn about the science behind nutrition and healthy eating?",
            "options": [
                "Cooking classes",
                "Reading scientific studies",
                "Listening to podcasts"
            ],
            "topics": [
                "Science",
                "Activity"
            ]
        },
        {
            "question": "Which sport or physical activity requires the most scientific understanding and strategy?",
            "options": [
                "Long-distance running",
                "Chessboxing",
                "Synchronized swimming"
            ],
            "topics": [
                "Science",
                "Activity"
            ]
        },
        {
            "question": "What is your preferred method of staying hydrated during physical activities?",
            "options": [
                "Water",
                "Sports drinks",
                "Coconut water"
            ],
            "topics": [
                "Science",
                "Activity"
            ]
        },
        {
            "question": "When it comes to physical activities for mental stimulation, which do you enjoy the most?",
            "options": [
                "Solving puzzles",
                "Learning musical instruments",
                "Playing strategic board games"
            ],
            "topics": [
                "Science",
                "Activity"
            ]
        },
        {
            "question": "Which scientific theory or concept do you find most applicable to improving athletic performance?",
            "options": [
                "The Law of Conservation of Energy",
                "Theories of muscle contraction",
                "Principles of biomechanics"
            ],
            "topics": [
                "Science",
                "Activity"
            ]
        },
        {
            "question": "What is your favorite way to incorporate science into your outdoor adventures?",
            "options": [
                "Stargazing during camping trips",
                "Identifying wildlife species",
                "Learning about geological formations"
            ],
            "topics": [
                "Science",
                "Activity"
            ]
        },
        {
            "question": "When it comes to understanding the human body during physical activity, which aspect fascinates you the most?",
            "options": [
                "Cardiovascular system",
                "Musculoskeletal system",
                "Respiratory system"
            ],
            "topics": [
                "Science",
                "Activity"
            ]
        },
        {
            "question": "What is your preferred way of exploring and understanding the science behind climate change?",
            "options": [
                "Attending climate change conferences",
                "Reading scientific reports",
                "Participating in environmental activism"
            ],
            "topics": [
                "Science",
                "Activity"
            ]
        },
        {
            "question": "Which physical activity or sport do you find most intriguing in terms of its impact on the environment?",
            "options": [
                "Surfing",
                "Rock climbing",
                "Sustainable farming"
            ],
            "topics": [
                "Science",
                "Activity"
            ]
        },
        {
            "question": "What is your favorite mode of transportation for outdoor activities and science expeditions?",
            "options": [
                "Bicycle",
                "Hiking boots",
                "Kayak"
            ],
            "topics": [
                "Science",
                "Activity"
            ]
        },
        {
            "question": "When it comes to the science of nutrition, which aspect interests you the most?",
            "options": [
                "Macronutrients vs. micronutrients",
                "The gut microbiome",
                "Functional foods and supplements"
            ],
            "topics": [
                "Science",
                "Activity"
            ]
        },
        {
            "question": "What is your preferred way to stay active and learn about the science of the human brain?",
            "options": [
                "Playing memory-enhancing games",
                "Learning new languages",
                "Engaging in mindful meditation"
            ],
            "topics": [
                "Science",
                "Activity"
            ]
        },
        {
            "question": "Which scientific experiment or study would you like to be part of that focuses on environmental conservation through physicaactivities?",
            "options": [
                "Research on sustainable energy solutions for outdoor recreation",
                "Monitoring and protecting endangered species during outdoor expeditions",
                "Exploring the effects of pollution on outdoor athletes"
            ],
            "topics": [
                "Science",
                "Activity"
            ]
        },
        {
            "question": "What type of physical activity do you enjoy the most for promoting creativity and inspiration?",
            "options": [
                "Dancing",
                "Painting",
                "Creative writing"
            ],
            "topics": [
                "Science",
                "Activity"
            ]
        },
        {
            "question": "When it comes to understanding the effects of physical activity on longevity, which scientific aspect interests you the most?",
            "options": [
                "Telomeres and cellular aging",
                "Effects on gene expression",
                "Impact on mitochondrial health"
            ],
            "topics": [
                "Science",
                "Activity"
            ]
        },
        {
            "question": "What is your favorite way to incorporate scientific knowledge into your daily exercise routine?",
            "options": [
                "Using evidence-based training methods",
                "Incorporating wearable fitness technology",
                "Maintaining a personalized workout journal"
            ],
            "topics": [
                "Science",
                "Activity"
            ]
        },
        {
            "question": "Which natural phenomenon or process do you find most intriguing from a scientific perspective?",
            "options": [
                "Photosynthesis",
                "Volcanic eruptions",
                "Cellular respiration"
            ],
            "topics": [
                "Science",
                "Activity"
            ]
        },
        {
            "question": "What is your preferred way to stay active and learn about the science behind mental health?",
            "options": [
                "Yoga and mindfulness practices",
                "Reading psychology research articles",
                "Attending mental health conferences"
            ],
            "topics": [
                "Science",
                "Activity"
            ]
        },
        {
            "question": "When it comes to scientific discoveries related to physical activity, which one do you find most groundbreaking?",
            "options": [
                "Discovery of endorphins",
                "Understanding of neuroplasticity",
                "Research on the benefits of exercise for depression"
            ],
            "topics": [
                "Science",
                "Activity"
            ]
        },
        {
            "question": "What type of physical activity do you enjoy the most for promoting overall well-being and balance?",
            "options": [
                "Pilates",
                "Tai Chi",
                "Trail running"
            ],
            "topics": [
                "Science",
                "Activity"
            ]
        },
        {
            "question": "Which scientific concept or theory do you find most intriguing in relation to athletic performance?",
            "options": [
                "Theories of muscle adaptation",
                "Biomechanical analysis of sports movements",
                "Theories of motor learning"
            ],
            "topics": [
                "Science",
                "Activity"
            ]
        },
        {
            "question": "What is your preferred way to explore and learn about the science behind the oceans and marine life?",
            "options": [
                "Snorkeling or scuba diving",
                "Visiting aquariums",
                "Reading marine biology books"
            ],
            "topics": [
                "Science",
                "Activity"
            ]
        },
        {
            "question": "When it comes to understanding the impact of physical activity on bone health, which scientific aspect interests you the most?",
            "options": [
                "Osteoblast and osteoclast activity",
                "Effects of weight-bearing exercises",
                "Role of nutrition in bone remodeling"
            ],
            "topics": [
                "Science",
                "Activity"
            ]
        },
        {
            "question": "What is your preferred way to incorporate science into your physical activity routine at home?",
            "options": [
                "Using smart fitness equipment",
                "Following online workout programs",
                "Tracking heart rate variability"
            ],
            "topics": [
                "Science",
                "Activity"
            ]
        },
        {
            "question": "Which scientific research topic related to physical activity and aging do you find most important?",
            "options": [
                "Effects of exercise on cognitive decline",
                "Importance of strength training for seniors",
                "Understanding age-related muscle loss"
            ],
            "topics": [
                "Science",
                "Activity"
            ]
        },
        {
            "question": "What is your favorite physical activity to do while listening to a science podcast or audiobook?",
            "options": [
                "Running",
                "Cycling",
                "Yoga"
            ],
            "topics": [
                "Science",
                "Activity"
            ]
        },
        {
            "question": "When it comes to physical activities for stress relief, which one do you find most effective?",
            "options": [
                "Biking",
                "Gardening",
                "Dancing"
            ],
            "topics": [
                "Science",
                "Activity"
            ]
        },
        {
            "question": "What type of scientific experiment or study would you like to participate in that focuses on the effects of physical activity osleep quality?",
            "options": [
                "Investigating the impact of different exercise intensities on sleep patterns",
                "Exploring the relationship between bedtime routines and sleep duration",
                "Researching the effects of evening workouts on sleep quality"
            ],
            "topics": [
                "Science",
                "Activity"
            ]
        },
        {
            "question": "Which natural phenomenon or process do you find most fascinating from a scientific perspective?",
            "options": [
                "Photosynthesis",
                "Volcanic eruptions",
                "Cellular respiration"
            ],
            "topics": [
                "Science",
                "Activity"
            ]
        },
        {
            "question": "What is your preferred way to incorporate science into your physical activities during vacations?",
            "options": [
                "Nature photography",
                "Participating in wildlife conservation projects",
                "Joining scientific field expeditions"
            ],
            "topics": [
                "Science",
                "Activity"
            ]
        },
        {
            "question": "When it comes to understanding the scientific aspects of nutrition labels, which component do you find most important?",
            "options": [
                "Macronutrient composition",
                "Caloric values",
                "Micronutrient percentages"
            ],
            "topics": [
                "Science",
                "Activity"
            ]
        },
        {
            "question": "What is your favorite way to stay active and learn about the science behind human performance in extreme conditions?",
            "options": [
                "Ice climbing",
                "Long-distance cycling",
                "Researching high-altitude training techniques"
            ],
            "topics": [
                "Science",
                "Activity"
            ]
        },
        {
            "question": "Which scientific discovery or invention has had the most significant impact on your preferred physical activity?",
            "options": [
                "Understanding of biomechanics",
                "Development of specialized equipment",
                "Discoveries in nutritional ergogenic aids"
            ],
            "topics": [
                "Science",
                "Activity"
            ]
        },
        {
            "question": "What is your preferred method of measuring progress and performance in your chosen physical activity?",
            "options": [
                "Using wearable fitness trackers",
                "Analyzing performance metrics",
                "Keeping a workout log"
            ],
            "topics": [
                "Science",
                "Activity"
            ]
        },
        {
            "question": "When it comes to physical activities for personal growth, which one do you find most enriching?",
            "options": [
                "Yoga and meditation retreats",
                "Solo hiking or biking adventures",
                "Participating in team sports"
            ],
            "topics": [
                "Science",
                "Activity"
            ]
        },
        {
            "question": "What type of scientific experiment or study would you like to be part of that focuses on understanding the impact of physicaactivity on mental well-being?",
            "options": [
                "Research on the effects of exercise on depression and anxiety",
                "Investigating the relationship between physical activity and cognitive function",
                "Exploring the impact of nature-based activities on stress reduction"
            ],
            "topics": [
                "Science",
                "Activity"
            ]
        },
        {
            "question": "Which natural phenomenon or process do you find most intriguing from a scientific perspective?",
            "options": [
                "Photosynthesis",
                "Volcanic eruptions",
                "Cellular respiration"
            ],
            "topics": [
                "Science",
                "Activity"
            ]
        },
        {
            "question": "What is your preferred way of incorporating scientific knowledge into your physical activities at the gym?",
            "options": [
                "Following evidence-based workout programs",
                "Using biomechanical analysis for form optimization",
                "Monitoring workout variables with wearable technology"
            ],
            "topics": [
                "Science",
                "Activity"
            ]
        },
        {
            "question": "When it comes to understanding the impacts of physical activity on the environment, which scientific aspect interests you the most?",
            "options": [
                "Effects of pollution on aquatic ecosystems",
                "Sustainable materials in sports equipment",
                "Impacts of recreational activities on wildlife habitats"
            ],
            "topics": [
                "Scienc",
                "Activity"
            ],
        },
        {
            "question": "What is your favorite way to explore and learn about the science behind the human digestive system?",
            "options": [
                "Participating in cooking classes",
                "Reading books on gut health",
                "Attending nutrition workshops"
            ],
            "topics": [
                "Science",
                "Activity"
            ]
        },
        {
            "question": "Which scientific concept or theory do you find most intriguing in relation to physical activity and longevity?",
            "options": [
                "Telomere shortening and aging",
                "Effects of exercise on cellular aging processes",
                "Stress adaptation and life expectancy"
            ],
            "topics": [
                "Science",
                "Activity"
            ]
        },
        {
            "question": "What is your preferred way to incorporate science into your physical activities during a beach vacation?",
            "options": [
                "Participating in coastal cleanup activities",
                "Observing marine life while snorkeling",
                "Learning about coastal erosion and conservation"
            ],
            "topics": [
                "Sence",
                "Activity"
            ]
        },
        {
            "question": "When it comes to scientific research on physical activity and public health, which area do you find most important?",
            "options": [
                "Promoting physical activity in sedentary populations",
                "Investigating the link between exercise and chronic diseases",
                "Studying the impact of urban planning on physical activity levels"
            ],
            "topics": [
                "Science",
                "Activity"
            ]
        },
        {
            "question": "What is your favorite physical activity to do while listening to a science podcast or audiobook?",
            "options": [
                "Running",
                "Cycling",
                "Yoga"
            ],
            "topics": [
                "Science",
                "Activity"
            ]
        },
        {
            "question": "When it comes to physical activities for overall happiness and well-being, which one do you find most effective?",
            "options": [
                "Dancing",
                "Gardening",
                "Playing team sports"
            ],
            "topics": [
                "Science",
                "Activity"
            ]
        }
    ]
}