{
    "Sport_Politics": [
        {
            "question": "Which sport do you believe requires the most strategic thinking?",
            "options": [
                "Chess",
                "Baseball",
                "Football",
                "Tennis"
            ],
            "topics": [
                "Sport",
                "Politics"
            ]
        },
        {
            "question": "Do you think athletes should express their political views publicly?",
            "options": [
                "Yes",
                "No"
            ],
            "topics": [
                "Sport",
                "Politics"
            ]
        },
        {
            "question": "Should political leaders participate in sports to improve their public image?",
            "options": [
                "Yes",
                "No"
            ],
            "topics": [
                "Sport",
                "Politics"
            ]
        },
        {
            "question": "Is the funding for sports programs sufficient in your country?",
            "options": [
                "Yes",
                "No"
            ],
            "topics": [
                "Sport",
                "Politics"
            ]
        },
        {
            "question": "Do you think sports can promote unity and social change?",
            "options": [
                "Yes",
                "No"
            ],
            "topics": [
                "Sport",
                "Politics"
            ]
        },
        {
            "question": "Should athletes be involved in political activism?",
            "options": [
                "Yes",
                "No"
            ],
            "topics": [
                "Sport",
                "Politics"
            ]
        },
        {
            "question": "Which sport would make for the most effective political negotiation tactic?",
            "options": [
                "Basketball",
                "Football",
                "Tennis",
                "Golf"
            ],
            "topics": [
                "Sport",
                "Politics"
            ]
        },
        {
            "question": "Do you think politicians should engage in physical activities to maintain good health?",
            "options": [
                "Yes",
                "No"
            ],
            "topics": [
                "Sport",
                "Politics"
            ]
        },
        {
            "question": "Which sport do you believe is least influenced by political controversies?",
            "options": [
                "Swimming",
                "Track and Field",
                "Gymnastics",
                "Martial Arts"
            ],
            "topics": [
                "Sport",
                "Politics"
            ]
        },
        {
            "question": "Do you think political influence is present in the selection of Olympic host cities?",
            "options": [
                "Yes",
                "No"
            ],
            "topics": [
                "Sport",
                "Politics"
            ]
        },
        {
            "question": "Which sport do you think has the most potential to inspire political activism?",
            "options": [
                "Soccer",
                "Basketball",
                "Cricket",
                "Running"
            ],
            "topics": [
                "Sport",
                "Politics"
            ]
        },
        {
            "question": "Should politicians have any involvement in determining sports regulations and policies?",
            "options": [
                "Yes",
                "No"
            ],
            "topics": [
                "Sport",
                "Politics"
            ]
        },
        {
            "question": "Do you believe money has a significant influence on both sports and politics?",
            "options": [
                "Yes",
                "No"
            ],
            "topics": [
                "Sport",
                "Politics"
            ]
        },
        {
            "question": "Should political leaders publicly endorse certain sports or athletes?",
            "options": [
                "Yes",
                "No"
            ],
            "topics": [
                "Sport",
                "Politics"
            ]
        },
        {
            "question": "Do you think politicians should prioritize sports development in their policies?",
            "options": [
                "Yes",
                "No"
            ],
            "topics": [
                "Sport",
                "Politics"
            ]
        },
        {
            "question": "Which sport do you think is most often used as a political tool in international relations?",
            "options": [
                "Soccer",
                "Basketball",
                "Chess",
                "Cricket"
            ],
            "topics": [
                "Sport",
                "Politics"
            ]
        },
        {
            "question": "Should political parties have their own sports teams?",
            "options": [
                "Yes",
                "No"
            ],
            "topics": [
                "Sport",
                "Politics"
            ]
        },
        {
            "question": "Do you believe political interference affects fair play and impartiality in sports?",
            "options": [
                "Yes",
                "No"
            ],
            "topics": [
                "Sport",
                "Politics"
            ]
        },
        {
            "question": "Which sport do you think best reflects the values and principles of democracy?",
            "options": [
                "Volleyball",
                "Rugby",
                "Table Tennis",
                "Badminton"
            ],
            "topics": [
                "Sport",
                "Politics"
            ]
        },
        {
            "question": "Should sportspersons be required to pass political knowledge tests?",
            "options": [
                "Yes",
                "No"
            ],
            "topics": [
                "Sport",
                "Politics"
            ]
        },
        {
            "question": "Do you think sports competitions can influence public opinion on political matters?",
            "options": [
                "Yes",
                "No"
            ],
            "topics": [
                "Sport",
                "Politics"
            ]
        },
        {
            "question": "Which sport is most often associated with political corruption?",
            "options": [
                "Boxing",
                "Horse Racing",
                "Cycling",
                "Auto Racing"
            ],
            "topics": [
                "Sport",
                "Politics"
            ]
        },
        {
            "question": "Should political leaders actively support anti-doping campaigns in sports?",
            "options": [
                "Yes",
                "No"
            ],
            "topics": [
                "Sport",
                "Politics"
            ]
        },
        {
            "question": "Do you think politicians and athletes should engage in joint public appearances?",
            "options": [
                "Yes",
                "No"
            ],
            "topics": [
                "Sport",
                "Politics"
            ]
        },
        {
            "question": "Which sport do you believe has the most potential to bridge political divides?",
            "options": [
                "Basketball",
                "Soccer",
                "Athletics",
                "Tennis"
            ],
            "topics": [
                "Sport",
                "Politics"
            ]
        },
        {
            "question": "Should political leaders participate in sports activities alongside citizens?",
            "options": [
                "Yes",
                "No"
            ],
            "topics": [
                "Sport",
                "Politics"
            ]
        },
        {
            "question": "Do you think sports facilities should be owned and managed by the government?",
            "options": [
                "Yes",
                "No"
            ],
            "topics": [
                "Sport",
                "Politics"
            ]
        },
        {
            "question": "Which sport do you think is least affected by political bias in officiating?",
            "options": [
                "Swimming",
                "Golf",
                "Table Tennis",
                "Track and Field"
            ],
            "topics": [
                "Sport",
                "Politics"
            ]
        },
        {
            "question": "Do you believe politicians use sports events as opportunities for self-promotion?",
            "options": [
                "Yes",
                "No"
            ],
            "topics": [
                "Sport",
                "Politics"
            ]
        },
        {
            "question": "Should politicians be actively involved in promoting gender equality in sports?",
            "options": [
                "Yes",
                "No"
            ],
            "topics": [
                "Sport",
                "Politics"
            ]
        },
        {
            "question": "Which sport do you believe has the most impact on political decision-making?",
            "options": [
                "Soccer",
                "Basketball",
                "Cricket",
                "Rugby"
            ],
            "topics": [
                "Sport",
                "Politics"
            ]
        },
        {
            "question": "Do you think political ideologies influence the selection of sports team captains?",
            "options": [
                "Yes",
                "No"
            ],
            "topics": [
                "Sport",
                "Politics"
            ]
        },
        {
            "question": "Should athletes be required to take courses in political science or international relations?",
            "options": [
                "Yes",
                "No"
            ],
            "topics": [
                "Sport",
                "Politics"
            ]
        },
        {
            "question": "Do you believe sports events should be used as platforms for political protests?",
            "options": [
                "Yes",
                "No"
            ],
            "topics": [
                "Sport",
                "Politics"
            ]
        },
        {
            "question": "Which sport do you think is most often used to promote national patriotism?",
            "options": [
                "Football",
                "Basketball",
                "Cricket",
                "Rugby"
            ],
            "topics": [
                "Sport",
                "Politics"
            ]
        },
        {
            "question": "Should politicians be required to disclose their financial support of sports organizations?",
            "options": [
                "Yes",
                "No"
            ],
            "topics": [
                "Sport",
                "Politics"
            ]
        },
        {
            "question": "Do you believe politicians interfere in the transfer of athletes between teams?",
            "options": [
                "Yes",
                "No"
            ],
            "topics": [
                "Sport",
                "Politics"
            ]
        },
        {
            "question": "Which sport do you think is least influenced by political censorship?",
            "options": [
                "Swimming",
                "Tennis",
                "Table Tennis",
                "Golf"
            ],
            "topics": [
                "Sport",
                "Politics"
            ]
        },
        {
            "question": "Should political leaders publicly condemn discrimination in sports?",
            "options": [
                "Yes",
                "No"
            ],
            "topics": [
                "Sport",
                "Politics"
            ]
        },
        {
            "question": "Do you think sports sponsorships can influence political decision-making?",
            "options": [
                "Yes",
                "No"
            ],
            "topics": [
                "Sport",
                "Politics"
            ]
        },
        {
            "question": "Which sport is most often utilized for political diplomacy between nations?",
            "options": [
                "Tennis",
                "Football",
                "Basketball",
                "Boxing"
            ],
            "topics": [
                "Sport",
                "Politics"
            ]
        },
        {
            "question": "Should politicians be actively involved in preventing match-fixing in sports?",
            "options": [
                "Yes",
                "No"
            ],
            "topics": [
                "Sport",
                "Politics"
            ]
        },
        {
            "question": "Do you believe political pressure impacts referee decisions in sports?",
            "options": [
                "Yes",
                "No"
            ],
            "topics": [
                "Sport",
                "Politics"
            ]
        },
        {
            "question": "Which sport do you think is most resistant to political interference?",
            "options": [
                "Athletics",
                "Wrestling",
                "Swimming",
                "Cycling"
            ],
            "topics": [
                "Sport",
                "Politics"
            ]
        },
        {
            "question": "Should political leaders publicly acknowledge sporting achievements?",
            "options": [
                "Yes",
                "No"
            ],
            "topics": [
                "Sport",
                "Politics"
            ]
        },
        {
            "question": "Do you think sports events should be organized by politically neutral bodies?",
            "options": [
                "Yes",
                "No"
            ],
            "topics": [
                "Sport",
                "Politics"
            ]
        },
        {
            "question": "Which sport do you believe has the most influence on public health policies?",
            "options": [
                "Running",
                "Cycling",
                "Gymnastics",
                "Swimming"
            ],
            "topics": [
                "Sport",
                "Politics"
            ]
        },
        {
            "question": "Should politicians be actively involved in promoting fair play in sports?",
            "options": [
                "Yes",
                "No"
            ],
            "topics": [
                "Sport",
                "Politics"
            ]
        },
        {
            "question": "Do you believe political conflicts impact international sports competitions?",
            "options": [
                "Yes",
                "No"
            ],
            "topics": [
                "Sport",
                "Politics"
            ]
        },
        {
            "question": "Which sport do you think is most often utilized for political rallies and campaigns?",
            "options": [
                "Football",
                "Basketball",
                "Cricket",
                "Running"
            ],
            "topics": [
                "Sport",
                "Politics"
            ]
        },
        {
            "question": "Should political leaders participate in the Paralympic Games to support inclusion?",
            "options": [
                "Yes",
                "No"
            ],
            "topics": [
                "Sport",
                "Politics"
            ]
        },
        {
            "question": "Do you think sports organizations are influenced by political ideologies?",
            "options": [
                "Yes",
                "No"
            ],
            "topics": [
                "Sport",
                "Politics"
            ]
        },
        {
            "question": "Which sport should politicians engage in to promote environmental sustainability?",
            "options": [
                "Cycling",
                "Running",
                "Swimming",
                "Sailing"
            ],
            "topics": [
                "Sport",
                "Politics"
            ]
        },
        {
            "question": "Should political leaders actively support the hosting of major sports events in their countries?",
            "options": [
                "Yes",
                "No"
            ],
            "topics": [
                "Sport",
                "Politics"
            ]
        },
        {
            "question": "Do you believe politicians try to exert control over sports clubs and franchises?",
            "options": [
                "Yes",
                "No"
            ],
            "topics": [
                "Sport",
                "Politics"
            ]
        },
        {
            "question": "Which sport do you think is most often influenced by political pressure on team selection?",
            "options": [
                "Basketball",
                "Football",
                "Cricket",
                "Rugby"
            ],
            "topics": [
                "Sport",
                "Politics"
            ]
        },
        {
            "question": "Should athletes be required to align with certain political ideologies to represent their countries?",
            "options": [
                "Yes",
                "No"
            ],
            "topics": [
                "Sport",
                "Politics"
            ]
        },
        {
            "question": "Do you think sports events should become platforms for discussing political policies?",
            "options": [
                "Yes",
                "No"
            ],
            "topics": [
                "Sport",
                "Politics"
            ]
        },
        {
            "question": "Which sport do you believe has the most potential to promote diplomacy between nations?",
            "options": [
                "Table Tennis",
                "Soccer",
                "Cricket",
                "Basketball"
            ],
            "topics": [
                "Sport",
                "Politics"
            ]
        },
        {
            "question": "Should political leaders actively support the development of sports infrastructure?",
            "options": [
                "Yes",
                "No"
            ],
            "topics": [
                "Sport",
                "Politics"
            ]
        },
        {
            "question": "Do you believe politicians use sports events to divert public attention from political issues?",
            "options": [
                "Yes",
                "No"
            ],
            "topics": [
                "Sport",
                "Politics"
            ]
        },
        {
            "question": "Which sport do you think requires the most extensive knowledge of political history?",
            "options": [
                "Chess",
                "Bridge",
                "Poker",
                "Soccer"
            ],
            "topics": [
                "Sport",
                "Politics"
            ]
        },
        {
            "question": "Should sports organizations publicly disclose their political affiliations?",
            "options": [
                "Yes",
                "No"
            ],
            "topics": [
                "Sport",
                "Politics"
            ]
        },
        {
            "question": "Do you think political controversies affect sports sponsorship deals?",
            "options": [
                "Yes",
                "No"
            ],
            "topics": [
                "Sport",
                "Politics"
            ]
        },
        {
            "question": "Which sport is most often used for political protests and demonstrations?",
            "options": [
                "Basketball",
                "Football",
                "Cricket",
                "Tennis"
            ],
            "topics": [
                "Sport",
                "Politics"
            ]
        },
        {
            "question": "Should politicians be required to actively prevent discrimination in sports?",
            "options": [
                "Yes",
                "No"
            ],
            "topics": [
                "Sport",
                "Politics"
            ]
        },
        {
            "question": "Do you believe political interference impacts the selection of sports team coaches?",
            "options": [
                "Yes",
                "No"
            ],
            "topics": [
                "Sport",
                "Politics"
            ]
        },
        {
            "question": "Which sport do you think is least influenced by political nationalism?",
            "options": [
                "Athletics",
                "Swimming",
                "Gymnastics",
                "Tennis"
            ],
            "topics": [
                "Sport",
                "Politics"
            ]
        },
        {
            "question": "Should political leaders openly support the hosting of international sports tournaments in countries wit controversial human rights records?",
            "options": [
                "Yes",
                "No"
            ],
            "topics": [
                "Sport",
                "Politics"
            ]
        },
        {
            "question": "Do you think politicians use sporting successes to boost national pride?",
            "options": [
                "Yes",
                "No"
            ],
            "topics": [
                "Sport",
                "Politics"
            ]
        },
        {
            "question": "Which sport do you believe has the most potential to address social inequality?",
            "options": [
                "Basketball",
                "Soccer",
                "Athletics",
                "Boxing"
            ],
            "topics": [
                "Sport",
                "Politics"
            ]
        },
        {
            "question": "Should politicians be actively involved in promoting sports diplomacy?",
            "options": [
                "Yes",
                "No"
            ],
            "topics": [
                "Sport",
                "Politics"
            ]
        },
        {
            "question": "Do you believe political conflicts affect the hosting of global sports events?",
            "options": [
                "Yes",
                "No"
            ],
            "topics": [
                "Sport",
                "Politics"
            ]
        },
        {
            "question": "Which sport do you think is most often utilized for political advertising?",
            "options": [
                "Cricket",
                "Football",
                "Basketball",
                "Rugby"
            ],
            "topics": [
                "Sport",
                "Politics"
            ]
        },
        {
            "question": "Should political leaders participate in sports charity events to raise funds for social causes?",
            "options": [
                "Yes",
                "No"
            ],
            "topics": [
                "Sport",
                "Politics"
            ]
        },
        {
            "question": "Do you think politicians use sports events to enhance their public image?",
            "options": [
                "Yes",
                "No"
            ],
            "topics": [
                "Sport",
                "Politics"
            ]
        },
        {
            "question": "Which sport do you believe is most resistant to political scandals?",
            "options": [
                "Swimming",
                "Tennis",
                "Golf",
                "Table Tennis"
            ],
            "topics": [
                "Sport",
                "Politics"
            ]
        },
        {
            "question": "Should political leaders actively support the inclusion of disabled athletes in mainstream sports?",
            "options": [
                "Yes",
                "No"
            ],
            "topics": [
                "Sport",
                "Politics"
            ]
        },
        {
            "question": "Do you believe political ideologies contribute to biased media coverage of sports events?",
            "options": [
                "Yes",
                "No"
            ],
            "topics": [
                "Sport",
                "Politics"
            ]
        },
        {
            "question": "Which sport should politicians engage in to promote renewable energy?",
            "options": [
                "Cycling",
                "Sailing",
                "Swimming",
                "Athletics"
            ],
            "topics": [
                "Sport",
                "Politics"
            ]
        },
        {
            "question": "Should political leaders actively support the hosting of the Olympic Games in their countries?",
            "options": [
                "Yes",
                "No"
            ],
            "topics": [
                "Sport",
                "Politics"
            ]
        },
        {
            "question": "Do you believe politicians influence the disciplinary actions taken against athletes involved in doping scandals?",
            "options": [
                "Yes",
                "No"
            ],
            "topics": [
                "Sport",
                "Politics"
            ]
        },
        {
            "question": "Which sport do you think is most independent from political funding?",
            "options": [
                "Table Tennis",
                "Gymnastics",
                "Swimming",
                "Cycling"
            ],
            "topics": [
                "Sport",
                "Politics"
            ]
        },
        {
            "question": "Should political leaders publicly acknowledge the achievements of athletes?",
            "options": [
                "Yes",
                "No"
            ],
            "topics": [
                "Sport",
                "Politics"
            ]
        },
        {
            "question": "Do you think politicians use sports infrastructure projects for personal gain?",
            "options": [
                "Yes",
                "No"
            ],
            "topics": [
                "Sport",
                "Politics"
            ]
        },
        {
            "question": "Which sport do you believe has the most potential to promote cultural exchange between nations?",
            "options": [
                "Football",
                "Basketball",
                "Tennis",
                "Wrestling"
            ],
            "topics": [
                "Sport",
                "Politics"
            ]
        },
        {
            "question": "Should politicians publicly declare their support for specific sports teams or athletes?",
            "options": [
                "Yes",
                "No"
            ],
            "topics": [
                "Sport",
                "Politics"
            ]
        },
        {
            "question": "Do you believe political conflicts impact sports sponsorship deals?",
            "options": [
                "Yes",
                "No"
            ],
            "topics": [
                "Sport",
                "Politics"
            ]
        },
        {
            "question": "Which sport is often used as a symbol of national identity in political campaigns?",
            "options": [
                "Football",
                "Cricket",
                "Basketball",
                "Baseball"
            ],
            "topics": [
                "Sport",
                "Politics"
            ]
        },
        {
            "question": "Should political leaders actively engage in promoting equal opportunities for female athletes?",
            "options": [
                "Yes",
                "No"
            ],
            "topics": [
                "Sport",
                "Politics"
            ]
        },
        {
            "question": "Do you think politicians influence the selection of athletes for national teams?",
            "options": [
                "Yes",
                "No"
            ],
            "topics": [
                "Sport",
                "Politics"
            ]
        },
        {
            "question": "Which sport do you think is least affected by political populism?",
            "options": [
                "Swimming",
                "Golf",
                "Table Tennis",
                "Volleyball"
            ],
            "topics": [
                "Sport",
                "Politics"
            ]
        }
    ]
}