{
    "Tech_Activity": [
        {
            "question": "What type of headphones do you prefer?",
            "options": [
                "Wireless earbuds",
                "Over-ear headphones",
                "On-ear headphones"
            ],
            "topics": [
                "Tech",
                "Activity"
            ]
        },
        {
            "question": "Which fitness tracker do you use?",
            "options": [
                "Fitbit",
                "Apple Watch",
                "Samsung Gear",
                "Garmin",
                "Other"
            ],
            "topics": [
                "Tech",
                "Activity"
            ]
        },
        {
            "question": "What's your favorite workout app?",
            "options": [
                "Nike Training Club",
                "Strava",
                "MyFitnessPal",
                "MapMyRun",
                "Other"
            ],
            "topics": [
                "Tech",
                "Activity"
            ]
        },
        {
            "question": "Which smartphone brand do you prefer for outdoor activities?",
            "options": [
                "iPhone",
                "Samsung",
                "Google Pixel",
                "OnePlus",
                "Other"
            ],
            "topics": [
                "Tech",
                "Activity"
            ]
        },
        {
            "question": "What's your go-to music streaming service for workouts?",
            "options": [
                "Spotify",
                "Apple Music",
                "Amazon Music",
                "Google Play Music",
                "Other"
            ],
            "topics": [
                "Tech",
                "Activity"
            ]
        },
        {
            "question": "Do you prefer using a smartwatch or a basic fitness band for tracking your activity?",
            "options": [
                "Smartwatch",
                "Fitness band"
            ],
            "topics": [
                "Tech",
                "Activity"
            ]
        },
        {
            "question": "What's your preferred method of staying active while using technology?",
            "options": [
                "Fitness apps",
                "Virtual reality fitness games",
                "Smart home gym equipment",
                "Other"
            ],
            "topics": [
                "Tech",
                "Activity"
            ]
        },
        {
            "question": "Which type of fitness headphones do you find most comfortable?",
            "options": [
                "In-ear",
                "On-ear",
                "Over-ear",
                "Bone conduction"
            ],
            "topics": [
                "Tech",
                "Activity"
            ]
        },
        {
            "question": "Do you use any tech gadgets to monitor your sleep patterns?",
            "options": [
                "Yes",
                "No"
            ],
            "topics": [
                "Tech",
                "Activity"
            ]
        },
        {
            "question": "What's your preferred type of fitness activity?",
            "options": [
                "Running",
                "Cycling",
                "Yoga",
                "Strength training",
                "Other"
            ],
            "topics": [
                "Tech",
                "Activity"
            ]
        },
        {
            "question": "Which tech device do you rely on the most for tracking your daily steps?",
            "options": [
                "Smartphone",
                "Fitness tracker",
                "Smartwatch",
                "Other"
            ],
            "topics": [
                "Tech",
                "Activity"
            ]
        },
        {
            "question": "What's your preferred method of listening to music while being active?",
            "options": [
                "Wireless earphones",
                "Wired earphones",
                "Bluetooth speaker",
                "Other"
            ],
            "topics": [
                "Tech",
                "Activity"
            ]
        },
        {
            "question": "Which fitness-related mobile app do you find most useful?",
            "options": [
                "Couch to 5K",
                "Fitbod",
                "Strava",
                "Headspace",
                "Other"
            ],
            "topics": [
                "Tech",
                "Activity"
            ]
        },
        {
            "question": "How often do you update your sportswear with tech-enabled features?",
            "options": [
                "Regularly",
                "Occasionally",
                "Rarely",
                "Never"
            ],
            "topics": [
                "Tech",
                "Activity"
            ]
        },
        {
            "question": "Which tech gadget has had the biggest impact on your fitness journey?",
            "options": [
                "Fitness tracker",
                "Smartwatch",
                "Wireless headphones",
                "Smart scale",
                "Other"
            ],
            "topics": [
                "Tech",
                "Activity"
            ]
        },
        {
            "question": "Do you prefer using a fitness app or a fitness wearable for tracking your workouts?",
            "options": [
                "Fitness app",
                "Fitness wearable"
            ],
            "topics": [
                "Tech",
                "Activity"
            ]
        },
        {
            "question": "Which fitness-related YouTube channel do you follow the most?",
            "options": [
                "Blogilates",
                "FitnessBlender",
                "Yoga with Adriene",
                "Popsugar Fitness",
                "Other"
            ],
            "topics": [
                "Tech",
                "Activity"
            ]
        },
        {
            "question": "What's your preferred app for tracking your running routes?",
            "options": [
                "Strava",
                "Nike Run Club",
                "MapMyRun",
                "Runkeeper",
                "Other"
            ],
            "topics": [
                "Tech",
                "Activity"
            ]
        },
        {
            "question": "What's your preferred method of tracking your heart rate?",
            "options": [
                "Wrist-based heart rate monitor",
                "Chest strap heart rate monitor",
                "Smartwatch",
                "Other"
            ],
            "topics": [
                "Tech",
                "Activity"
            ]
        },
        {
            "question": "Which tech gadget do you find most helpful in motivating you to stay active?",
            "options": [
                "Fitness tracker",
                "Smartwatch",
                "Wireless headphones",
                "Smart scale",
                "Other"
            ],
            "topics": [
                "Tech",
                "Activity"
            ]
        },
        {
            "question": "How often do you try out new fitness-related apps or gadgets?",
            "options": [
                "Frequently",
                "Occasionally",
                "Rarely",
                "Never"
            ],
            "topics": [
                "Tech",
                "Activity"
            ]
        },
        {
            "question": "Which tech feature do you value the most in a fitness tracker?",
            "options": [
                "Step counting",
                "Heart rate monitoring",
                "Sleep tracking",
                "GPS tracking",
                "Other"
            ],
            "topics": [
                "Tech",
                "Activity"
            ]
        },
        {
            "question": "Do you prefer using a mobile app or a physical device for guided workouts?",
            "options": [
                "Mobile app",
                "Physical device"
            ],
            "topics": [
                "Tech",
                "Activity"
            ]
        },
        {
            "question": "What's your preferred type of wearable tech for monitoring your daily activity?",
            "options": [
                "Fitness tracker",
                "Smartwatch",
                "Smart clothing",
                "Other"
            ],
            "topics": [
                "Tech",
                "Activity"
            ]
        },
        {
            "question": "Which smart home gadget do you find most useful for maintaining an active lifestyle?",
            "options": [
                "Smart lighting system",
                "Smart thermostat",
                "Smart home gym equipment",
                "Other"
            ],
            "topics": [
                "Tech",
                "Activity"
            ]
        },
        {
            "question": "What's your preferred method of tracking your cycling workouts?",
            "options": [
                "Cycling computer",
                "Mobile app",
                "Fitness tracker",
                "Other"
            ],
            "topics": [
                "Tech",
                "Activity"
            ]
        },
        {
            "question": "Which technology do you find most effective in reducing stress levels?",
            "options": [
                "Meditation apps",
                "Biofeedback devices",
                "Smart home devices",
                "Other"
            ],
            "topics": [
                "Tech",
                "Activity"
            ]
        },
        {
            "question": "What's your preferred method of tracking your swimming workouts?",
            "options": [
                "Waterproof fitness tracker",
                "Waterproof smartwatch",
                "Pool sensor",
                "Other"
            ],
            "topics": [
                "Tech",
                "Activity"
            ]
        },
        {
            "question": "Which tech gadget do you find most effective in improving your sleep quality?",
            "options": [
                "Sleep tracking device",
                "Smart mattress",
                "Smart light bulbs",
                "Other"
            ],
            "topics": [
                "Tech",
                "Activity"
            ]
        },
        {
            "question": "Do you use any tech gadgets to enhance your yoga practice?",
            "options": [
                "Yes",
                "No"
            ],
            "topics": [
                "Tech",
                "Activity"
            ]
        },
        {
            "question": "What's your preferred method of tracking your calories burned during workouts?",
            "options": [
                "Fitness tracker",
                "Mobile app",
                "Heart rate monitor",
                "Other"
            ],
            "topics": [
                "Tech",
                "Activity"
            ]
        },
        {
            "question": "Which tech device do you think has the most potential to revolutionize the fitness industry?",
            "options": [
                "Virtual reality headsets",
                "Smart clothing",
                "Artificial intelligence-powered fitness coaches",
                "Other"
            ],
            "topics": [
                "Tech",
                "Activity"
            ]
        },
        {
            "question": "What's your preferred way of incorporating technology into your hiking trips?",
            "options": [
                "GPS navigation devices",
                "Outdoor activity apps",
                "Solar-powered chargers",
                "Other"
            ],
            "topics": [
                "Tech",
                "Activity"
            ]
        },
        {
            "question": "Do you prefer using smart home devices or fitness wearables to track your overall well-being?",
            "options": [
                "Smart home devices",
                "Fitness wearables"
            ],
            "topics": [
                "Tech",
                "Activity"
            ]
        },
        {
            "question": "Which tech gadget do you find most helpful in improving your posture?",
            "options": [
                "Posture-correcting wearables",
                "Smartphone apps",
                "Ergonomic chairs",
                "Other"
            ],
            "topics": [
                "Tech",
                "Activity"
            ]
        },
        {
            "question": "What's your preferred method of tracking your indoor cycling workouts?",
            "options": [
                "Stationary bike with screen",
                "Indoor cycling app",
                "Fitness tracker",
                "Other"
            ],
            "topics": [
                "Tech",
                "Activity"
            ]
        },
        {
            "question": "Which feature do you value the most in a fitness app?",
            "options": [
                "Exercise library",
                "Custom workout plans",
                "Social community",
                "Other"
            ],
            "topics": [
                "Tech",
                "Activity"
            ]
        },
        {
            "question": "Do you use any tech gadgets for tracking your golf performance?",
            "options": [
                "Yes",
                "No"
            ],
            "topics": [
                "Tech",
                "Activity"
            ]
        },
        {
            "question": "What's your preferred method of tracking your indoor rowing workouts?",
            "options": [
                "Rowing machine with screen",
                "Indoor rowing app",
                "Fitness tracker",
                "Other"
            ],
            "topics": [
                "Tech",
                "Activity"
            ]
        },
        {
            "question": "Which tech gadget do you find most helpful in improving your running form?",
            "options": [
                "Running form analysis apps",
                "Smart insoles",
                "GPS running watches",
                "Other"
            ],
            "topics": [
                "Tech",
                "Activity"
            ]
        },
        {
            "question": "What's your preferred method of tracking your outdoor activities?",
            "options": [
                "GPS sports watch",
                "Outdoor activity app",
                "Fitness tracker",
                "Other"
            ],
            "topics": [
                "Tech",
                "Activity"
            ]
        },
        {
            "question": "Which tech feature do you find most useful in a workout app?",
            "options": [
                "Progress tracking",
                "Workout reminders",
                "Workout videos",
                "Other"
            ],
            "topics": [
                "Tech",
                "Activity"
            ]
        },
        {
            "question": "Do you use any tech gadgets to track your hiking or trail running activities?",
            "options": [
                "Yes",
                "No"
            ],
            "topics": [
                "Tech",
                "Activity"
            ]
        },
        {
            "question": "What's your preferred method of tracking your outdoor cycling workouts?",
            "options": [
                "GPS cycling computer",
                "Cycling app",
                "Fitness tracker",
                "Other"
            ],
            "topics": [
                "Tech",
                "Activity"
            ]
        },
        {
            "question": "Which tech gadget has helped you stay motivated during your weightlifting sessions?",
            "options": [
                "Smart strength training equipment",
                "Wearable lift trackers",
                "Fitness apps",
                "Other"
            ],
            "topics": [
                "Tech",
                "Activity"
            ]
        },
        {
            "question": "How often do you use technology for recovery activities such as stretching or foam rolling?",
            "options": [
                "Frequently",
                "Occasionally",
                "Rarely",
                "Never"
            ],
            "topics": [
                "Tech",
                "Activity"
            ]
        },
        {
            "question": "What's your preferred method of tracking your overall fitness progress?",
            "options": [
                "Fitness tracker",
                "Fitness app",
                "Fitness journal",
                "Other"
            ],
            "topics": [
                "Tech",
                "Activity"
            ]
        },
        {
            "question": "Which tech gadget do you find most effective in preventing injuries during workouts?",
            "options": [
                "Smart shoes with sensors",
                "Wearable posture correctors",
                "Fitness wearables with injury detection",
                "Other"
            ],
            "topics": [
                "Tech",
                "Activity"
            ]
        },
        {
            "question": "Do you prefer using fitness-related AR (Augmented Reality) games or VR (Virtual Reality) games?",
            "options": [
                "AR games",
                "VR games"
            ],
            "topics": [
                "Tech",
                "Activity"
            ]
        },
        {
            "question": "What's your preferred method of tracking your hiking or backpacking adventures?",
            "options": [
                "GPS handheld device",
                "Hiking app",
                "Fitness tracker",
                "Other"
            ],
            "topics": [
                "Tech",
                "Activity"
            ]
        },
        {
            "question": "Which tech gadget do you find most helpful in improving your swimming technique?",
            "options": [
                "Swim tracking watch",
                "Underwater headphones",
                "Waterproof swim analysis device",
                "Other"
            ],
            "topics": [
                "Tech",
                "Activity"
            ]
        },
        {
            "question": "How often do you use technology for mindfulness activities such as meditation or breathing exercises?",
            "options": [
                "Frequently",
                "Occasionally",
                "Rarely",
                "Never"
            ],
            "topics": [
                "Tech",
                "Activity"
            ]
        },
        {
            "question": "What's your preferred method of tracking your indoor treadmill workouts?",
            "options": [
                "Treadmill with built-in screen",
                "Treadmill app",
                "Fitness tracker",
                "Other"
            ],
            "topics": [
                "Tech",
                "Activity"
            ]
        },
        {
            "question": "Which tech feature do you find most helpful in a sleep tracking device?",
            "options": [
                "Sleep stage analysis",
                "Sleep quality score",
                "Smart alarm",
                "Other"
            ],
            "topics": [
                "Tech",
                "Activity"
            ]
        },
        {
            "question": "Do you use any tech gadgets for improving your golf swing?",
            "options": [
                "Yes",
                "No"
            ],
            "topics": [
                "Tech",
                "Activity"
            ]
        },
        {
            "question": "What's your preferred method of tracking your stair climbing workouts?",
            "options": [
                "Fitness tracker",
                "Mobile app",
                "Smartwatch",
                "Other"
            ],
            "topics": [
                "Tech",
                "Activity"
            ]
        },
        {
            "question": "Which tech gadget do you find most helpful in improving your flexibility?",
            "options": [
                "Stretching apps",
                "Smart stretching devices",
                "Yoga props with sensors",
                "Other"
            ],
            "topics": [
                "Tech",
                "Activity"
            ]
        },
        {
            "question": "What's your preferred method of tracking your indoor elliptical workouts?",
            "options": [
                "Elliptical machine with screen",
                "Fitness app",
                "Fitness tracker",
                "Other"
            ],
            "topics": [
                "Tech",
                "Activity"
            ]
        },
        {
            "question": "Which feature do you find most helpful in a nutrition tracking app?",
            "options": [
                "Barcode scanning",
                "Meal planning",
                "Macronutrient breakdown",
                "Other"
            ],
            "topics": [
                "Tech",
                "Activity"
            ]
        },
        {
            "question": "Do you use any tech gadgets for analyzing and improving your tennis game?",
            "options": [
                "Yes",
                "No"
            ],
            "topics": [
                "Tech",
                "Activity"
            ]
        },
        {
            "question": "What's your preferred method of tracking your outdoor running workouts?",
            "options": [
                "GPS running watch",
                "Running app",
                "Fitness tracker",
                "Other"
            ],
            "topics": [
                "Tech",
                "Activity"
            ]
        },
        {
            "question": "Which tech gadget has had the biggest impact on your yoga practice?",
            "options": [
                "Smart yoga mats",
                "Yoga apps",
                "Wearable posture trainers",
                "Other"
            ],
            "topics": [
                "Tech",
                "Activity"
            ]
        },
        {
            "question": "How often do you use technology for mental health activities such as mood tracking or journaling?",
            "options": [
                "Frequently",
                "Occasionally",
                "Rarely",
                "Never"
            ],
            "topics": [
                "Tech",
                "Activity"
            ]
        },
        {
            "question": "What's your preferred method of tracking your indoor cycling workouts?",
            "options": [
                "Indoor cycling app",
                "Fitness tracker",
                "Smart cycling trainer",
                "Other"
            ],
            "topics": [
                "Tech",
                "Activity"
            ]
        },
        {
            "question": "Which tech feature do you find most useful in a meal planning app?",
            "options": [
                "Recipe suggestions",
                "Grocery list generation",
                "Nutritional information",
                "Other"
            ],
            "topics": [
                "Tech",
                "Activity"
            ]
        },
        {
            "question": "Do you use any tech gadgets for analyzing and improving your basketball skills?",
            "options": [
                "Yes",
                "No"
            ],
            "topics": [
                "Tech",
                "Activity"
            ]
        },
        {
            "question": "What's your preferred method of tracking your outdoor walking workouts?",
            "options": [
                "Fitness tracker",
                "Mobile app",
                "Smartwatch",
                "Other"
            ],
            "topics": [
                "Tech",
                "Activity"
            ]
        },
        {
            "question": "Which tech gadget do you find most helpful in improving your balance and stability?",
            "options": [
                "Smart balance boards",
                "Balance training apps",
                "Posture-correcting wearables",
                "Other"
            ],
            "topics": [
                "Tech",
                "Activity"
            ]
        },
        {
            "question": "What's your preferred method of tracking your stair climbing workouts?",
            "options": [
                "Fitness tracker",
                "Mobile app",
                "Smartwatch",
                "Other"
            ],
            "topics": [
                "Tech",
                "Activity"
            ]
        },
        {
            "question": "Which feature do you find most helpful in a recipe app?",
            "options": [
                "Step-by-step instructions",
                "Ingredients substitution suggestions",
                "Meal planning integration",
                "Other"
            ],
            "topics": [
                "Tech",
                "Activity"
            ]
        },
        {
            "question": "Do you use any tech gadgets for analyzing and improving your soccer performance?",
            "options": [
                "Yes",
                "No"
            ],
            "topics": [
                "Tech",
                "Activity"
            ]
        },
        {
            "question": "What's your preferred method of tracking your outdoor hiking workouts?",
            "options": [
                "Fitness tracker",
                "Hiking app",
                "GPS handheld device",
                "Other"
            ],
            "topics": [
                "Tech",
                "Activity"
            ]
        },
        {
            "question": "Which tech gadget do you find most helpful in improving your balance and stability?",
            "options": [
                "Smart balance boards",
                "Balance training apps",
                "Posture-correcting wearables",
                "Other"
            ],
            "topics": [
                "Tech",
                "Activity"
            ]
        },
        {
            "question": "What's your preferred method of tracking your daily water intake?",
            "options": [
                "Smart water bottles",
                "Water tracking apps",
                "Fitness trackers",
                "Other"
            ],
            "topics": [
                "Tech",
                "Activity"
            ]
        },
        {
            "question": "Do you use any tech gadgets for analyzing and improving your golf swing?",
            "options": [
                "Yes",
                "No"
            ],
            "topics": [
                "Tech",
                "Activity"
            ]
        },
        {
            "question": "What's your preferred method of tracking your indoor climbing workouts?",
            "options": [
                "Climbing app",
                "Fitness tracker",
                "Indoor climbing wall with tracking system",
                "Other"
            ],
            "topics": [
                "Tech",
                "Activity"
            ]
        }
    ]
}